jurisdiction,entity_type,desc,name,link,instructions_link,efile_allowed,efile_required,efile_required_desc,efile_allowed_desc,dd,fiscal_dd_desc,ext_dd,fiscal_ext_dd_desc,,,,,,
Alabama (AL),Corporation,Corporation  Income Tax Return,20C,https://revenue.alabama.gov/wp-content/uploads/2018/01/17f20c.pdf,https://revenue.alabama.gov/wp-content/uploads/2018/01/17f20cinstr.pdf,,,Yes,,43205,15th day of the 4th month following fiscal year end,43388,6 month ext,,,,,,
Alabama (AL),Corporation,Consolidated Corporate  Income Tax Return,20C-C,https://revenue.alabama.gov/wp-content/uploads/2018/01/17f20cc.pdf,https://revenue.alabama.gov/wp-content/uploads/2018/01/17f20ccinstr.pdf,,,Yes,,43205,15th day of the 4th month following fiscal year end,43388,6 month ext,,,,,,
Arizona (AZ),Corporation,Corporation Income Tax Return,120,https://www.azdor.gov/Portals/0/ADOR-forms/TY2017/CORP-F/FORMS_CORPORATE_2017_120_f.pdf,https://www.azdor.gov/Portals/0/ADOR-forms/TY2017/CORP-I/FORMS_CORPORATE_2017_120-i.pdf,,,yes,,43205,15th day of the 4th month following fiscal year end,43205,Due date of the return,,,,,,
Arizona (AZ),Corporation,Corporation Income Tax Return (Short Form),120A,https://www.azdor.gov/Portals/0/ADOR-forms/TY2017/CORP-F/FORMS_CORPORATE_2017_120A_f.pdf,https://www.azdor.gov/Portals/0/ADOR-forms/TY2017/CORP-I/FORMS_CORPORATE_2017_120A-i.pdf,,,yes,,43205,15th day of the 4th month following fiscal year end,43205,Due date of the return,,,,,,
Arizona (AZ),Corporation,Amended Corporation Income Tax Return,120X,https://www.azdor.gov/Portals/0/ADOR-forms/TY2017/CORP-F/FORMS_CORPORATE_2017_120X_f.pdf,https://www.azdor.gov/Portals/0/ADOR-forms/TY2017/CORP-I/FORMS_CORPORATE_2017_120X-i.pdf,,,Yes,,null,"Form 120X may be filed only after the taxpayer has filed its original tax return (Form 120 or Form 120A) for the taxable year 2017.  Generally, Form 120X must be filed within four years after the date the original return was due or after the date that the taxpayer filed it, whichever was later.
",null,null,,,,,,
Arkansas (AR),Corporation,Corporation Income Tax Retun,AR1100CT,https://www.dfa.arkansas.gov/images/uploads/incomeTaxOffice/AR1100CT_2017_RE.pdf,https://www.dfa.arkansas.gov/images/uploads/incomeTaxOffice/Corporation_Instructions_2017.pdf,,,Yes,,43205,15th day of the 4th month following fiscal year end,43205,Due date of the return,,,,,,
Arkansas (AR),Corporation,Amended Corporation Income Tax Return (TO AMEND YEARS PRIOR TO 2010 ONLY),AR1100CTX,https://www.dfa.arkansas.gov/images/uploads/incomeTaxOffice/AR1100CTX_2017_RE.pdf,https://www.dfa.arkansas.gov/images/uploads/incomeTaxOffice/Corporation_Instructions_2017.pdf,,,yes,,null,"Form AR1100CTX. Arkansas amended returns must be filed within three (3) years from date of filing the original return or two (2) years from date of payment of tax on the original return, whichever is later",null,null,,,,,,
California (CA),Corporation,California Corporation Franchise or Income Tax Return ,100,https://www.ftb.ca.gov/forms/2017/17_100.pdf#,https://www.ftb.ca.gov/forms/2017/17_100bk.pdf,,,Yes,Depends,43205,15th day of the 4th month after the close of the taxable year unless the return is for a short-period as required under R&TC Section 24634.,null,"If the corporation cannot file its California tax return by the 15th day of the 4th month after the close of the taxable year, it may file on or before the 15th day of the 10th month without filing a written request for an extension unless the corporation is suspended on or after the original due date",,,,,,
Colorado (CO),Corporation,C Corporation Income Tax Return,112,https://www.colorado.gov/pacific/sites/default/files/112Book.pdf,https://www.colorado.gov/pacific/sites/default/files/112Book.pdf,,,yes,,43207,15 day of the fourth month after the end of your tax year,43388,6 months,,,,,,
Colorado (CO),Corporation,Amended C Corporation Income Tax Return,112X,https://www.colorado.gov/pacific/sites/default/files/112X.pdf,https://www.colorado.gov/pacific/sites/default/files/112X.pdf,,,yes,,null,"The statute of limitations for filing a Colorado claim for refund is generally four years from the original due date of the return or three years from the date of the last payment of tax or the year involved, whichever is later. ",,,,,,,,
Connecticut (CT),Corporation,Corporation Business Tax Return,CT-1120,http://www.ct.gov/drs/lib/drs/forms/1-2017/corporation/ct-1120_1217.pdf,http://www.ct.gov/drs/lib/drs/forms/1-2017/corporation/booklets/ct-1120_ct_corp_bus_tax_instruction_booklet_1217.pdf,,,yes,yes,43235,"If your corporation has a June 30th year end, the return is due on October 15

the due date generally will be the fifteenth day of the fifth month after the end of your corporation’s year",43235,seven months for June 30 year end filers,,,,,,
Connecticut (CT),Corporation,Combined Corporation Business Tax Return,CT-1120CR,http://www.ct.gov/drs/lib/drs/forms/2006forms/corp/ct-1120cr.pdf,http://www.ct.gov/drs/lib/drs/forms/1-2015/corporation/ct-1120cr-inst.pdf,,,yes,,43191, first day of the fourth month following the end of the income year,43191,6 months,,,,,,
Connecticut (CT),Corporation,"Composite_x000D_
Income Tax",CT-1065,http://www.ct.gov/drs/lib/drs/forms/1-2017/composite/ct-1065_ct-1120si_1217.pdf,http://www.ct.gov/drs/lib/drs/forms/1-2017/composite/ct-1065_ct-1120si_booklet_1217.pdf,,,yes,,43205,15 day of the fourth month following the close of the taxable year,43205,"5 months, but only only if federal Form 7004, Application for Automatic Extension of Time to File Certain Business Income Tax, Information, and Other Returns, has been filed",,,,,,
Connecticut (CT),Corporation,"Composite_x000D_
Income Tax",CT-1120SI,http://www.ct.gov/drs/lib/drs/forms/1-2017/composite/ct-1065_ct-1120si_1217.pdf,http://www.ct.gov/drs/lib/drs/forms/1-2017/composite/ct-1065_ct-1120si_booklet_1217.pdf,,,yes,,43205,15 day of the fourth month following the close of the taxable year,43205,"5 months, but only only if federal Form 7004, Application for Automatic Extension of Time to File Certain Business Income Tax, Information, and Other Returns, has been filed",,,,,,
Connecticut (CT),Corporation,Amended Corporation Business Tax Return,CT-1120X,http://www.ct.gov/drs/lib/drs/forms/1-2016/corporation/ct-1120x.pdf,http://www.ct.gov/drs/lib/drs/forms/1-2016/corporation/ct-1120x_instructions.pdf,,,yes,,,"Generally, Form CT-1120X must be fi led within three years from the due date of the original return or, if an extension of time to file was requested and granted, three years from the extended due date.",null,null,,,,,,
Delaware (DE),Corporation,CORPORATION INCOME TAX RETURN,1100,https://revenue.delaware.gov/services/current_bt/TY17_1100e.pdf,https://revenue.delaware.gov/services/current_bt/TY16_1100i.pdf,,,yes,,43191,1st day of the fourth month following the close of the taxable year,43191,"6 months, If an automatic Federal extension has been granted",,,,,,
Georgia (GA),Corporation,Corporation Tax Return,600,https://dor.georgia.gov/sites/dor.georgia.gov/files/related_files/document/TSD/Form/600_2017_Corporation_Tax_Return.pdf,,,,yes,,,,,,,,,,,
Hawaii (HI),Corporation,Corporation Income Tax Return,N-30,http://files.hawaii.gov/tax/forms/2017/n30_f.pdf,http://files.hawaii.gov/tax/forms/2017/n30ins.pdf,,,,,,,,,,,,,,
Idaho (ID),Corporation,CORPORATION INCOME TAX RETURN,41,https://tax.idaho.gov/forms/EFO00025_06-05-2017.pdf,https://tax.idaho.gov/forms/EIN00046_10-30-2017.pdf,,,yes,,,,,,,,,,,
Illinois (IL),Corporation,Corporation Income and Replacement Tax Return,IL-1120,http://www.revenue.state.il.us/TaxForms/IncmCurrentYear/Business/Corporate/IL-1120.pdf,http://www.revenue.state.il.us/TaxForms/IncmCurrentYear/Business/Corporate/IL-1120-Instr.pdf,,,yes,,43174,15th day of the 3rd month following fiscal year end,,AUTOMATIC,,,,,,
Indiana (IN),Corporation,Corporate Adjusted Gross Income Tax Return,IT-20,"note: Indiana forms may only be downloaded - no direct URL to each form is available           
http://www.in.gov/dor/5696.htm","note: Indiana forms may only be downloaded - no direct URL to each form is available           
http://www.in.gov/dor/5696.htm",,,,,43205,15th day of the 4th month following close of the taxable year,,,,,,,,
Iowa (IA),Corporation,Corporation Income Tax Return,IA 1120,https://tax.iowa.gov/sites/files/idr/forms1/2017IA1120%2842001%29.pdf,https://tax.iowa.gov/sites/files/idr/forms1/2017IA1120Inst%2842002%29.pdf,,,,,,,,,,,,,,
Kansas (KS),Corporation,CORPORATION INCOME TAX,K-120,https://www.ksrevenue.org/pdf/k-12017.pdf,https://www.ksrevenue.org/pdf/corpbook2017.pdf,,,,,,,,,,,,,,
Kentucky (KY),Corporation,KENTUCKY CORPORATION INCOME TAX AND LLET RETURN,720,https://revenue.ky.gov/Software-Developer/Corporation%20Income%20Tax%20Forms/16_41A720%20(0001).pdf,https://revenue.ky.gov/Forms/2016_41A720(I).pdf,,,,,,,,,,,,,,
Louisiana (LA),Corporation,Corporation Income Tax Return,CIFT-620,http://revenue.louisiana.gov/TaxForms/CIFT620WEB(1_16)F.pdf,http://revenue.louisiana.gov/TaxForms/CIFT620i(1_17).pdf,,,Y,,43235, 15th day of the fifth month following the close of the taxable year,43419,6 months,,,,,,
Maine (ME),Corporation,CORPORATE INCOME TAX RETURN,1120ME,http://www.maine.gov/revenue/forms/corporate/2017/17_1120ME.pdf,http://www.maine.gov/revenue/forms/corporate/2017/17_1120ME_all_instructions.pdf,,,,,,,,,,,,,,
Maryland (MD),Corporation,Corporation Income Tax Return (Short Form),500,http://forms.marylandtaxes.gov/17_forms/Corporate_Booklet.pdf,http://forms.marylandtaxes.gov/17_forms/500.pdf,,,Yes,,,,,,,,,,,
Massachusetts (MA),Corporation,Business/Manufacturing Corporation Excise Return,355,https://www.mass.gov/files/documents/2017/11/07/dor-2017-corp-355-form-355.pdf,,,,Yes,,,,,,,,,,,
Michigan (MI),Corporation,2017 MICHIGAN CORPORATE INCOME TAX ANNUAL RETURN,CIT,http://www.michigan.gov/documents/taxes/4891_ty2017_610222_7.pdf,http://www.michigan.gov/documents/taxes/4891_ty2017_610222_7.pdf,,,,,,,,,,,,,,
Mississippi (MS),Corporation,CORPORATE INCOME AND FRANCHISE TAX RETURN,83-105,http://www.dor.ms.gov/Forms/83105168.pdf,https://www.dor.ms.gov/Forms/CIT%202016%20%20CIT%20INSTRUCTIONS.pdf,,,,,,,,,,,,,,
Missouri (MO),Corporation,Corporation Income Tax Return,MO-1120,http://dor.mo.gov/forms/MO-1120_2017.pdf,http://dor.mo.gov/forms/MO-1120%20Instructions_2017.pdf,,,,,,,,,,,,,,
Montana (MT),Corporation,Corporate Income Tax Return,CIT,https://app.mt.gov/myrevenue/Endpoint/DownloadPdf?yearId=688,https://app.mt.gov/myrevenue/Endpoint/DownloadPdf?yearId=690,,,,,,,,,,,,,,
Nebraska (NE),Corporation,NEBRASKA CORPORATION INCOME TAX RETURN,1120N,http://www.revenue.nebraska.gov/tax/17forms/f_1120sn_booklet.pdf,http://www.revenue.nebraska.gov/tax/17forms/f_1120sn_booklet.pdf,,,,,,,,7 months,,,,,,
Nevada (NV),Corporation,COMMERCE TAX RETURN,NCTR  Form TXR-030.01,https://tax.nv.gov/uploadedFiles/taxnvgov/Content/Commerce/COM_Tax_Return.PDF,https://tax.nv.gov/uploadedFiles/taxnvgov/Content/Commerce/Commerce_Tax_Instructions.pdf,,,,,,,,,,,,,,
New Hampshire (NH),Corporation,BUSINESS PROFITS TAX RETURN,NH-1120,https://www.revenue.nh.gov/forms/2018/documents/nh-1120-2017.pdf,https://www.revenue.nh.gov/forms/2017/documents/nh-1120-instructions-2016.pdf,,,,,,,,,,,,,,
New Jersey (NJ),Corporation,Corporation Business Tax Return,CBT-100,http://www.state.nj.us/treasury/taxation/pdf/current/cbt/cbt100.pdf,http://www.state.nj.us/treasury/taxation/pdf/current/cbt/cbt100ins.pdf,,,Y,Y,43207,43388,,"6 month ext (Where a tentative return, Form CBT-200-T, and tax payment are timely and properly filed, it is the policy of the Division of Taxation to grant an extension of no more than six (6) months for filing the CBT-100)",,,,,,
New Mexico (NM),Corporation,NEW MEXICO CORPORATE INCOME AND FRANCHISE TAX RETURN,CIT-1,https://www.taxformfinder.org/newmexico/form-cit-1,http://realfile.tax.newmexico.gov/2017cit-ins.pdf,,,Yes,,43207,The due dates of the CIT-1 return for the taxable year conform to the due dates instituted at the federal level,43205,"If a copy of the automatic or approved federal extension form accompanies the CIT-1 when you file, the Department accepts the extended time the IRS granted
and you do not need to file a New Mexico extension",,,,,,
New York (NY),Corporation,General Business Corporation MTA Surcharge Return (The form number was previously CT-3M/4M),CT-3-M,https://www.tax.ny.gov/pdf/current_forms/ct/ct3m.pdf,https://www.tax.ny.gov/pdf/current_forms/ct/ct3mi.pdf,,,Y,,43205,3½ months after the end of your reporting period,43388,6 month ext,,,,,,
North Carolina (NC),Corporation,C-Corporation Tax Return,CD-405,https://files.nc.gov/ncdor/documents/forms/cd405_8.pdf?gfPLu1JOz93z3WqTSHpWJr2SS1NlYlP9,http://ftp.zillionforms.com/Draft/2016/I512213392.PDF,,,Y,,43207,,43023,,,,,,,
North Dakota (ND),Corporation,Corporation  Income Tax Return,40,https://www.nd.gov/tax/data/upfiles/media/form-40.pdf?20180111102852,https://www.nd.gov/tax/data/upfiles/media/corporate-income-tax-booklet.pdf?20180111101423,,,,,43207,,42993,,,,,,,
Ohio (OH),Corporation,Pass-Through Entity,IT-4708,https://www.tax.ohio.gov/Portals/0/forms/pass-through_entities/2017/PTE_IT4708.pdf,,,,,,,,,,,,,,,
Oklahoma (OK),Corporation,Composite Income Tax Return,512,https://www.ok.gov/tax/documents/512Pkt-17.pdf,https://www.ok.gov/tax/documents/512Pkt-17.pdf,,,,,,,,,,,,,,
Oregon (OR),Corporation,Corporation Excise Tax Return,OR-20,http://www.oregon.gov/DOR/forms/FormsPubs/form-or-20_102-020_2017.pdf,http://www.oregon.gov/DOR/forms/FormsPubs/form-OR-20-instructions_102-016_2017.pdf,,,,,,,,,,,,,,
Pennsylvania (PA),Corporation,Corporate Tax Report,RCT-101,http://www.revenue.pa.gov/FormsandPublications/FormsforBusinesses/CorporationTax/Documents/rct-101_fillin.pdf,http://www.revenue.pa.gov/FormsandPublications/otherforms/Documents/2017_rev-993.pdf,,,Y,,43235,30 days after the federal due date for both calendar and fiscal year end.  Domestic Int'l Sales Companies (DISC) must file on or before 15th day of the 10th month following the close of the fiscal year.,43419,,,,,,,
Rhode Island (RI),Corporation,Business Corporation Tax Return,RI-1120C,http://www.tax.ri.gov/forms/2016/Corp/2016%20RI-1120C_2D_b.pdf,http://www.tax.ri.gov/forms/2017/DRAFTS/Corp/RI-1065_FFXTEST.pdf,,,,http://www.tax.ri.gov/forms/2016/Corp/2016%20RI-1065%20Instructions_122016.pdf,,,,,,,,,,
South Carolina (SC),Corporation,C' CORPORATION INCOME TAX RETURN,SC1120,https://dor.sc.gov/forms-site/Forms/SC1120.pdf,https://dor.sc.gov/forms-site/Forms/SC1120I.pdf,,,Yes,,43205,15 day of the fourth month after the end of the tax year,43205,"If the taxpayer is not required to make a payment for tax or license fee at the time of the extension, and the taxpayer has been granted an extension of time to file a federal income tax return, it is not necessary to file a separate state extension form SC-1120-T
Attach a copy of the properly filed federal extension to the final
South Carolina return when filed. ",,,,,,
South Dakota (SD),Corporation,null,null,null,null,,,null,null,null,null,null,null,,,,,,
Tennessee (TN),Corporation,Franchise and Excise Tax Return,FAE 170,https://www.tn.gov/content/dam/tn/revenue/documents/forms/fae/fae170_2018.pdf,https://www.tn.gov/content/dam/tn/revenue/documents/forms/fae/fae170instr_2018.pdf,,,Yes,,43205,15th day of the 4th month following the close of your books and records ,43205,"6 months - If you are not required to make a payment because you have already made sufficient payments on or before the original due date, filing extension form (FAE 173) is not required",,,,,,
Texas (TX),Corporation,null,null,null,null,,,null,null,null,null,null,null,,,,,,
Utah (UT),Corporation,Franchise and Income Tax Return,TC-20,https://tax.utah.gov/forms/current/tc-20.pdf,https://tax.utah.gov/forms/current/tc-20inst.pdf,,,Yes,,43205,15th day of the fourth month following the close of the taxable year ,43205,"6 month - Corporations are automatically allowed an extension of up to six months to fi le a return without fi ling an extension form.
Corporations must make estimated prepayments using form
TC-559",,,,,,
Vermont (VT),Corporation,CORPORATE TAX RETURN,CA-411,http://tax.vermont.gov/sites/tax/files/documents/CO-411.pdf,,,,,,,,,,,,,,,
Virginia (VA),Corporation,"Corporation_x000D_
 Income Tax Return",500,https://www.tax.virginia.gov/sites/default/files/taxforms/corporation-and-pass-through-entity-tax/2017/500-2017.pdf,https://www.tax.virginia.gov/sites/default/files/vatax-pdf/2017-form-500-instructions.pdf,,,Y,Y,43205,15th day of the 4th month (15th day of the 6th month for nonprofit corporations),43419,7 month ext (and must pay at least 90% of the tax due by the original due date for filing the return),,,,,,
Washington DC (DC),Corporation,"Corporation_x000D_
Franchise Tax Return",D-20,https://otr.cfo.dc.gov/sites/default/files/dc/sites/otr/publication/attachments/2016%20D-20_Booklet.pdf,https://otr.cfo.dc.gov/sites/default/files/dc/sites/otr/publication/attachments/2016%20D-20_Booklet.pdf,,,y,,43207,"6 month - 15th day of the fourth month after the tax year closes 

15th day of the fourth month after the tax year closes",43388,"6 month
 7-month extension of time to file if you are a Combined Reporting filer",,,,,,
West Virginia (WV),Corporation,Corporate Income Tax Return,CNF-120,https://tax.wv.gov/Documents/TaxForms/2017/cnf120.pdf,https://tax.wv.gov/Documents/TaxForms/2017/cnf120.instructions.pdf,,,Yes,Depends,43207,15th day of the fourth month following the end of the period,43388,6 month - An extension of time to file a federal return is automatically accepted by West Virginia as an extension of time to file the West Virginia return. A copy of the federal extension form must be attached to the West Virginia return when filed and the extended due date must be entered on top of the return,,,,,,
Wisconsin (WI),Corporation,Non-Combined Corporation Franchise or Income Tax Return,4,https://www.revenue.wi.gov/TaxForms2017through2019/2017-Form4.pdf,https://www.revenue.wi.gov/TaxForms2017through2019/2017-Form4-Inst.pdf,,,Yes,y,43205,Fiscal year ending June 30 are due the 15th day of the 3rd month after the close of the taxable year (September 15).,43205,7 month - Wisconsin law provides for an automatic 7 month extension to file the return,,,,,,
Wyoming (WY),Corporation,null,null,null,null,,,null,null,null,null,null,null,,,,,,
Alabama (AL),Exempt Organization,null,null,null,null,,,null,null,null,null,null,null,,,,,,
Arizona (AZ),Exempt Organization,Exempt Organization Annual Information Return,99,https://www.azdor.gov/Portals/0/ADOR-forms/TY2017/CORP-F/FORMS_EXEMPTORGS_2017_99_f.pdf,https://www.azdor.gov/Portals/0/ADOR-forms/TY2017/CORP-I/FORMS_EXEMPTORGS_2017_99-i.pdf,,,,,43235,15th day of the 5th month following fiscal year end,43235,Due date of the return,,,,,,
Arizona (AZ),Exempt Organization,Exempt Organization Business Income Tax Return,99T,https://www.azdor.gov/Portals/0/ADOR-forms/TY2017/CORP-F/FORMS_EXEMPTORGS_2017_99T_f.pdf,https://www.azdor.gov/Portals/0/ADOR-forms/TY2017/CORP-I/FORMS_EXEMPTORGS_2017_99T-i.pdf,,,,,43235,15th day of the 5th month following fiscal year end,43235,Due date of the return,,,,,,
Arkansas (AR),Exempt Organization, Application for Income Tax Exempt Status,AR1023CT,https://www.dfa.arkansas.gov/images/uploads/incomeTaxOffice/AR1023CT_2017_RE.pdf,https://www.dfa.arkansas.gov/images/uploads/incomeTaxOffice/Corporation_Instructions_2017.pdf,,,,,43235,15th day of the 5th month (Exempt organizations),,"If you have received an automatic Federal extension
(Form 7004), the time for filing your Arkansas Corporation
Income Tax Return shall be extended until the due date of
your federal return",,,,,,
California (CA),Exempt Organization,Exempt Organization Business Income Tax Return ,109,https://www.ftb.ca.gov/forms/2017/17_109.pdf,https://www.ftb.ca.gov/forms/2017/17_109bk.pdf,,,Yes,Depends,43235,15th day of the 5th month following the close of the taxable year,null," the exempt organization has an additional six months to file ithout filing a written request for xtension, If Form 199 cannot be filed by the 15th day of the 5th month after the accounting period ends",,,,,,
California (CA),Exempt Organization,Exempt Organization - Annual Information Return ,199,https://www.ftb.ca.gov/forms/2017/17_199.pdf,https://www.ftb.ca.gov/forms/2016/16_199ins.pdf,,,Yes,Depends,43235,15th day of the 5th month after the accounting period ends,null," the exempt organization has an additional six months to file ithout filing a written request for xtension, If Form 199 cannot be filed by the 15th day of the 5th month after the accounting period ends",,,,,,
Colorado (CO),Exempt Organization,,,,,,,,,,,,,,,,,,
Delaware (DE),Exempt Organization,Information Return / Holding Company / Investment Company,1902(B),https://revenue.delaware.gov/services/current_bt/1902b.pdf,https://revenue.delaware.gov/services/current_bt/1902b.pdf,,,,,46858,15 day of the fourth month ,43205,6 months  with the FED ext,,,,,,
Georgia (GA),Exempt Organization,Exempt Organization Unrelated Business Income Tax Return ,600-T,https://dor.georgia.gov/sites/dor.georgia.gov/files/related_files/document/TSD/Form/600T_2016_TSD_Exempt_Organization_Unrelated_Business_Income_Tax_Return.pdf,,,,,,,,,,,,,,,
Hawaii (HI),Exempt Organization,Exempt Organization Business Income Tax Return ,N-70NP,http://files.hawaii.gov/tax/forms/2016/n70np_f.pdf,http://files.hawaii.gov/tax/forms/2016/n70npins.pdf,,,,,,,,,,,,,,
Idaho (ID),Exempt Organization,,,,https://tax.idaho.gov/forms/EIN00046_10-30-2017.pdf,,,,,,,,,,,,,,
Illinois (IL),Exempt Organization,Exempt Organization Income and Replacement Tax Return,IL-990-T,http://www.revenue.state.il.us/TaxForms/IncmCurrentYear/Business/TaxExempt/IL-990-T.pdf,http://www.revenue.state.il.us/TaxForms/IncmCurrentYear/Business/TaxExempt/IL-990-T-Instr.pdf,,,,,43235,15th day of the 5th month (4th month of employee trusts) following fiscal year end,,AUTOMATIC,,,,,,
Indiana (IN),Exempt Organization,Nonprofit Organization Unrelated Business Income Tax Return,IT-20NP,https://www.in.gov/dor/5696.htm,https://www.in.gov/dor/5696.htm,,,,,43235,15th day of the 5th month following close of the taxable year,,,,,,,,
Indiana (IN),Exempt Organization,Nonprofit Organization's Annual Report,NP-20,http://www.in.gov/dor/3506.htm,,,,,,43235,15th day of the 5th month following close of the taxable year,,,,,,,,
Iowa (IA),Exempt Organization,,IA1120,https://tax.iowa.gov/sites/files/idr/forms1/2017IA1120%2842001%29.pdf,https://tax.iowa.gov/sites/files/idr/forms1/IA%201120%20Inst%20%2842002%29.pdf,,,,,,,,,,,,,,
Kansas (KS),Exempt Organization,,,,,,,,,,,,,,,,,,
Kentucky (KY),Exempt Organization,,NO DESIGNATED FORM,,,,,,,,,,,,,,,,
Louisiana (LA),Exempt Organization,,null,null,null,,,null,null,null,null,null,null,,,,,,
Maine (ME),Exempt Organization,,1120ME,http://www.maine.gov/revenue/forms/corporate/2017/17_1120ME.pdf,,,,,,,,,,,,,,,
Maryland (MD),Exempt Organization,,,,,,,,,,,,,,,,,,
Massachusetts (MA),Exempt Organization,,M-990T,,,,,,,,,,,,,,,,
Michigan (MI),Exempt Organization,,,,,,,,,,,,,,,,,,
Mississippi (MS),Exempt Organization,Corporate Income and Franchise Tax Return,83-105,http://www.dor.ms.gov/Forms/83105168.pdf,https://www.dor.ms.gov/Forms/CIT%202016%20%20CIT%20INSTRUCTIONS.pdf,,,,,,,,,,,,,,
Missouri (MO),Exempt Organization,,,,,,,,,,,,,,,,,,
Montana (MT),Exempt Organization,,,,https://app.mt.gov/myrevenue/Endpoint/DownloadPdf?yearId=786,,,,,,,,,,,,,,
Nebraska (NE),Exempt Organization,,,,,,,,,,,,,,,,,,
Nevada (NV),Exempt Organization,,,,,,,,,,,,,,,,,,
New Hampshire (NH),Exempt Organization,,,,,,,,,,,,,,,,,,
New Jersey (NJ),Exempt Organization,Application for ST-5 Exempt Organization Certificate - for Nonprofit exemption from Sales Tax,REG-1E,http://www.state.nj.us/treasury/taxation/pdf/other_forms/sales/reg1e.pdf,http://www.state.nj.us/treasury/taxation/pdf/other_forms/sales/reg1e.pdf,,,,,,,,,,,,,,
New Mexico (NM),Exempt Organization,,,,,,,,,,,,,,,,,,
New York (NY),Exempt Organization,,,,,,,,,,,,,,,,,,
North Carolina (NC),Exempt Organization,,null,https://www.northwestregisteredagent.com/north-carolina-tax-exemption.html,,,,null,null,null,null,null,null,,,,,,
North Dakota (ND),Exempt Organization,,,,,,,,,,,,,,,,,,
Ohio (OH),Exempt Organization,,,,,,,,,,,,,,,,,,
Oklahoma (OK),Exempt Organization,"Return of Organization_x000D_
Exempt from Income Tax",512E,https://www.ok.gov/tax/documents/512-E-16.pdf,,,,,,,,,,,,,,,
Oregon (OR),Exempt Organization,,,,,,,,,,,,,,,,,,
Pennsylvania (PA),Exempt Organization,null,null,null,null,,,null,null,null,null,null,null,,,,,,
Rhode Island (RI),Exempt Organization,,,,,,,,,,,,,,,,,,
South Carolina (SC),Exempt Organization,EXEMPT ORGANIZATION BUSINESS TAX RETURN,SC990T,https://dor.sc.gov/forms-site/Forms/SC990T.pdf,,,,,,,,,,,,,,,
South Dakota (SD),Exempt Organization,,,,,,,,,,,,,,,,,,
Tennessee (TN),Exempt Organization,,,,,,,,,,,,,,,,,,
Texas (TX),Exempt Organization,,,,,,,,,,,,,,,,,,
Utah (UT),Exempt Organization,,,,,,,,,,,,,,,,,,
Vermont (VT),Exempt Organization,,,,,,,,,,,,,,,,,,
Virginia (VA),Exempt Organization,null,null,null,null,,,null,null,null,null,null,null,,,,,,
Washington DC (DC),Exempt Organization,,,,,,,,,,,,,,,,,,
West Virginia (WV),Exempt Organization,,,,,,,,,,,,,,,,,,
Wisconsin (WI),Exempt Organization,Wisconsin Non-Combined Corporation Franchise or Income Tax Return,4T,https://www.revenue.wi.gov/TaxForms2017through2019/2017-Form4.pdf,https://www.revenue.wi.gov/DORForms/2014Form4T-inst.pdf,,,,,,,,,,,,,,
Wyoming (WY),Exempt Organization,null,null,,,,,,,,,,,,,,,,
,,,,,,,,,,,,,,,,,,,
Arizona (AZ),Fiduciaries,Fiduciary Income Tax Return,141AZ,https://www.azdor.gov/Portals/0/ADOR-forms/TY2017/FIDU-F/FORMS_FIDUCIARY_2017_141AZ-f.pdf,https://www.azdor.gov/Portals/0/ADOR-forms/TY2017/FIDU-I/FORMS_FIDUCIARY_2017_141AZ-i.pdf,,,Yes,,43205,15th day of the 4th month following fiscal year end,43205,Due date of the return,,,,,,
Arkansas (AR),Fiduciaries,FIDUCIARY INCOME TAX RETURN,AR1002F,https://www.dfa.arkansas.gov/images/uploads/incomeTaxOffice/AR1002FFidITRet.pdf,https://www.dfa.arkansas.gov/images/uploads/incomeTaxOffice/FidTaxInst.pdf,,,Yes,,43205,15th day of the 4th month following fiscal year end,43205,"15th day of the 4th month following the fiscal year end (if you file a FED Feduciary ext, then the AR ext is automatic)",,,,,,
Arkansas (AR),Fiduciaries,Fiduciary Income Tax Return - Nonresident,AR1002NR,https://www.dfa.arkansas.gov/images/uploads/incomeTaxOffice/AR1002NRNonResidentFidITRet.pdf,https://www.dfa.arkansas.gov/images/uploads/incomeTaxOffice/FidTaxInst.pdf,,,Yes,,43205,15th day of the 4th month following fiscal year end,43205,"15th day of the 4th month following the fiscal year end (if you file a FED Feduciary ext, then the AR ext is automatic)",,,,,,
California (CA),Fiduciaries,California Fiduciary Income Tax Return ,541,https://www.ftb.ca.gov/forms/2017/17_541.pdf#,https://www.ftb.ca.gov/forms/2017/17_541bk.pdf,,,Yes,Depends, ,California e-file Return Authorization for Fiduciaries , California e-file Signature Authorization for Fiduciaries , ,"If Form 541 cannot be filed by the filing due date, the estate or trust has an additional six months to file without filing a written request for extension",Automatic,,,,
California (CA),Fiduciaries,Charitable Remainder and Pooled Income Trusts ,541-B,https://www.ftb.ca.gov/forms/2017/17_541b.pdf#,https://www.ftb.ca.gov/forms/2017/17_541bins.pdf,,,Yes,Depends, ,California e-file Return Authorization for Fiduciaries , California e-file Signature Authorization for Fiduciaries , ,15th day of the 10th month following the close of the taxable year (fiscal year),Automatic,,,,
California (CA),Fiduciaries,California Income Tax Return for Qualified Funeral Trusts ,541-QFT,https://www.ftb.ca.gov/forms/2017/17_541qft.pdf#,https://www.ftb.ca.gov/forms/2017/17_541qftins.pdf,,,Yes,Depends, ,California e-file Return Authorization for Fiduciaries , California e-file Signature Authorization for Fiduciaries , ,The QFT has an additional six months to file without filing a written request for extension.,Automatic,,,,
Colorado (CO),Fiduciaries,Fiduciary Income Tax Filing,105,http://www.zillionforms.com/2016/F512213499.PDF,https://www.colorado.gov/pacific/sites/default/files/105Book.pdf,,,Yes,,43207,15  day of the fourth month after the end of your tax year,43388,6 months,,,,,,
Connecticut (CT),Fiduciaries,"Income Tax Return for Trusts and Estates for Residents, nonresidents, and part-year residents",CT-1041,http://www.ct.gov/drs/lib/drs/forms/1-2016/trustandestates-1041/ct-1041.pdf,http://www.ct.gov/drs/lib/drs/forms/1-2017/trustandestates/ct-1041_booklet_1217.pdf,,,yes,,43205,,43205,"5-1/2 months,  if a federal Form 7004, Application for Automatic Extension of Time to File Certain Business Income, Information, and Other Returns, has been filed.",,,,,,
Delaware (DE),Fiduciaries,Fiduciary Income Tax Return,400,https://revenue.delaware.gov/services/current_pit/TY17_400e.pdf,https://revenue.delaware.gov/services/Developer/common_used_forms/400i.pdf,,,,,,,,,,,,,,
Georgia (GA),Fiduciaries,Fiduciary Income Tax Return,501,https://dor.georgia.gov/sites/dor.georgia.gov/files/related_files/document/TSD/Form/501_2017_Fiduciary_Income_Tax_Return.pdf,,,,,,,,,,,,,,,
Hawaii (HI),Fiduciaries,Fiduciary Income Tax Return,N-40,http://files.hawaii.gov/tax/forms/2017/n40_f.pdf,http://files.hawaii.gov/tax/forms/2017/n40ins.pdf,,,,,,,,,,,,,,
Idaho (ID),Fiduciaries,Fiduciary Income Tax Return,66,https://tax.idaho.gov/forms/EFO00036_07-10-2017.pdf,https://tax.idaho.gov/forms/EIN00046_10-30-2017.pdf,,,,,,,,,,,,,,
Illinois (IL),Fiduciaries,Fiduciary Income and Replacement Tax Return,IL-1041,http://www.revenue.state.il.us/TaxForms/IncmCurrentYear/Business/Fiduciary/IL-1041.pdf,http://www.revenue.state.il.us/TaxForms/IncmCurrentYear/Business/Fiduciary/IL-1041-Instr.pdf,,,,,43205,15th day of the 4rd month following fiscal year end,,AUTOMATIC,,,,,,
Indiana (IN),Fiduciaries,Fiduciary Income Tax Return,IT-41,,,,,,,,,,,,,,,,
Iowa (IA),Fiduciaries,Fiduciary Return,IA 1041,https://tax.iowa.gov/sites/files/idr/forms1/2017IA1041%2863001%29.pdf,https://tax.iowa.gov/sites/files/idr/forms1/2017IA1041Inst%2863002%29.pdf,,,,,,,,,,,,,,
Kansas (KS),Fiduciaries,Fiduciary Income Tax Return,K-41,https://www.ksrevenue.org/pdf/k-4117.pdf#search=FIDUCIARY,,,,,,,,,5 months,,,,,,
Kentucky (KY),Fiduciaries,Fiduciary Income Tax Return,741,https://revenue.ky.gov/Forms/2016_42A741.pdf,https://revenue.ky.gov/Software-Developer/Fiduciary%20Tax%20Forms/16_42A741(I).pdf,,,,,,,,6 months,,,,,,
Louisiana (LA),Fiduciaries,Fiduciary Income Tax Return,IT-541,http://revenue.louisiana.gov/TaxForms/IT541(1_17)F.pdf,http://revenue.louisiana.gov/TaxForms/IT541i(1_17).pdf,,,Y,,43235,15th day of the fifth month after the close of the fiscal period,43419,"6 months; Louisiana will recognize and accept the federal extension authorizing the same extended due date as the federal; IF NO FED EXT WAS FILED, FORM R-6466 NEEDS TO BE USED) link: http://revenue.louisiana.gov/VendorForms/6466(1_12).pdf",,,,,,
Maine (ME),Fiduciaries,Fiduciary Income Tax Return FOR RESIDENT AND NONRESIDENT ESTATES AND TRUSTS,1041ME,http://maine.gov/revenue/forms/fiduciary/2017/17_1041me.pdf,http://www.maine.gov/revenue/forms/fiduciary/2017/17_1041me_gen%20instructions.pdf,,,,,,,,,,,,,,
Maryland (MD),Fiduciaries,Fiduciary Income Tax Return,504,http://forms.marylandtaxes.gov/current_forms/504.pdf,http://forms.marylandtaxes.gov/current_forms/Fiduciary_Booklet.pdf,,,,,,,,,,,,,,
Massachusetts (MA),Fiduciaries,Fiduciary Income Tax Return,2,https://www.mass.gov/files/documents/2017/11/16/dor-2017-fido-form-2.pdf,,,,y,,,,,,,,,,,
Michigan (MI),Fiduciaries,Fiduciary Income Tax Return,MI-1041,http://files.hawaii.gov/tax/forms/2017/n40ins.pdf,http://www.michigan.gov/documents/taxes/MI1041_Book_609426_7.pdf,,,,,,,,,,,,,,
Mississippi (MS),Fiduciaries,Fiduciary Income Tax Return,81-110,https://www.dor.ms.gov/Forms/81110168.pdf,https://www.dor.ms.gov/Forms/81100168.pdf,,,,,,,,,,,,,,
Missouri (MO),Fiduciaries,Fiduciary Income Tax Return,MO-1041,http://dor.mo.gov/forms/MO-1041_2017.pdf,http://dor.mo.gov/forms/MO-1041_2017.pdf,,,,,,,,,,,,,,
Missouri (MO),Fiduciaries,Fiduciary Income Tax Return,MO-1041,http://dor.mo.gov/forms/MO-1041_2017.pdf,http://dor.mo.gov/forms/MO-1041_2017.pdf,,,Yes,,43207,15th day of the fourth month following the close of their taxable year,43205,"You are not required to file an extension if you do not expect to owe additional Missouri fiduciary tax or if you anticipate receiving a refund. If you wish to file a Missouri extension, and do not expect to owe Missouri fiduciary tax, you may file an extension by filing Form MO-60, Application 
for Extension of Time to File; 

If you receive an extension of time to file your federal fiduciary tax return, you will automatically be granted an extension of time to file your Missouri fiduciary tax return, provided you do not expect to owe any additional Missouri fiduciary tax. Attach a copy of your federal extension  (Federal Form 7004) with your Missouri fiduciary tax return when you file.",,,,,,
Alabama (AL),Fiduciaries,Fiduciary Income Tax Return,41,https://revenue.alabama.gov/wp-content/uploads/2018/01/17f41.pdf,https://revenue.alabama.gov/wp-content/uploads/2018/01/17f41instr.pdf,,,Yes,,43205,15th day of the 4th month following fiscal year end,43358,5 month ext,,,,,,
Montana (MT),Fiduciaries,Fiduciary Income Tax Return,FID-3,https://app.mt.gov/myrevenue/Endpoint/DownloadPdf?yearId=426,,,,,,,,,,,,,,,
Montana (MT),Fiduciaries,Fiduciary Income Tax Return,FID-3,https://app.mt.gov/myrevenue/Endpoint/DownloadPdf?yearId=808,https://app.mt.gov/myrevenue/Endpoint/DownloadPdf?yearId=808,,,Yes,,43207,15th day of the 4th month following the end of the tax year ,43205,"6 month - Beginning with tax year 2017, the estate or trust is granted an automatic extension of time to file of up to six months. 
",,,,,,
Nebraska (NE),Fiduciaries,Fiduciary Income Tax Return,1041N,http://www.revenue.nebraska.gov/tax/17forms/f_1041n.pdf,http://www.revenue.nebraska.gov/tax/17forms/f_1041n_booklet.pdf,,,,,,,,6 months,,,,,,
Nebraska (NE),Fiduciaries,Fiduciary Income Tax Return,1041N,http://www.revenue.nebraska.gov/tax/17forms/f_1041n.pdf,http://www.revenue.nebraska.gov/tax/17forms/f_1041n_booklet.pdf,,,,,,,,,,,,,,
Nevada (NV),Fiduciaries,null,null,null,null,,,null,null,null,null,null,null,,,,,,
Nevada (NV),,Commerce Tax return,NCTR,https://tax.nv.gov/uploadedFiles/taxnvgov/Content/Commerce/COM_Tax_Return.PDF,https://tax.nv.gov/uploadedFiles/taxnvgov/Content/Commerce/Commerce_Tax_Instructions.pdf,,,,,,,,,,,,,,
New Hampshire (NH),Fiduciaries,Business Profits Tax Return,NH-1041,https://www.revenue.nh.gov/forms/2018/documents/nh-1041-2017-print.pdf,https://www.revenue.nh.gov/forms/2018/documents/nh-1041-instructions-2017.pdf,,,,,,,,7 month - automatic,,,,,,
New Hampshire (NH),,Business Enterprise Tax Return,BET,https://www.revenue.nh.gov/forms/2018/documents/bet-2017-print.pdf,https://www.revenue.nh.gov/forms/2018/documents/bet-general-instructions-2017.pdf,,,,,43205,15th day of the fourth month following the close of the fiscal year end,,7 months,,,,,,
New Jersey (NJ),Fiduciaries,Gross Income Tax Fiduciary Return,NJ-1041,http://www.state.nj.us/treasury/taxation//pdf/current/1041.pdf,http://www.state.nj.us/treasury/taxation/pdf/current/1041i.pdf,,,y,Depends,43205,15th day of the fourth month following the close of the tax year of the estate or trust,," 5½-month extension; extension is automatic  with Fed ext for zero returns and if amount due, at least 80% of it was paid off; (if no Fed ext is filed, then ext form NJ-630 needs to be filed to obtain an ext for both zero returns and for returns with payment due  satisfying the at least 80% requirement to be paid off - (see the return instructions for detail)",,,,,,
New Jersey (NJ),Fiduciaries,Gross Income Tax Fiduciary Return,NJ-1041,http://www.state.nj.us/treasury/taxation//pdf/current/1041.pdf,http://www.state.nj.us/treasury/taxation/pdf/current/1041i.pdf,,,Y,Depends,43205,15th day of the fourth month following the close of the tax year of the estate or trust,,"5½ month extension is automatic  with Fed ext for zero returns (if no Fed ext is filed, then ext form NJ-630 needs to be filed to obtain an ext for a state zero return) However, returns with payment due need to file ext form NJ-630 and satisfy payment of 80% requirement - (see the return instructions for detail)",,,,,,
New Mexico (NM),Fiduciaries,,FID-1,,,,,,,,,,"If FED ext has been obtained, no need to submit ext form RPD-41096",,,,,,
New York (NY),Fiduciaries,Fiduciary Income Tax Return,IT-205,https://www.tax.ny.gov/pdf/current_forms/it/it205_fill_in.pdf,https://www.tax.ny.gov/pdf/current_forms/it/it205i.pdf,,,Y,,43207,15th day of the fourth month following the close of the tax year (SEE INSTRUCTIONS FOR ADD'L INFO),43373,5 1/2 month ext,,,,,,
New York (NY),Fiduciaries,Fiduciary Income Tax Return,IT-205,https://www.tax.ny.gov/pdf/current_forms/it/it205_fill_in.pdf,https://www.tax.ny.gov/pdf/current_forms/it/it205i.pdf,,,Y,,43207,16th day of the fourth month following the close of the tax year (SEE INSTRUCTIONS FOR ADD'L INFO),43373,5 1/2 month ext,,,,,,
North Carolina (NC),Fiduciaries,Estates and Trusts Income Tax Return,D-407,https://files.nc.gov/ncdor/documents/files/2016_d407_estates_and_trusts_income_tax_return_webfill_0.pdf?jkyK8Vih8sYINnfBTHLG2y2hmEYzN5R8,https://files.nc.gov/ncdor/documents/files/2016_d407a_instructions_for_estates_and_trusts_income_tax_return_0.pdf?bRJsf9zsF4hnjdDlO4DyA1pz8OACumQL,,,N,,43207,15th day of the fourth month following the end of the fiscal year,43388,6 MONTH EXT,,,,,,
North Carolina (NC),Fiduciaries,Estates and Trusts Income Tax Return,D-407,https://files.nc.gov/ncdor/documents/files/2016_d407_estates_and_trusts_income_tax_return_webfill_0.pdf?jkyK8Vih8sYINnfBTHLG2y2hmEYzN5R8,https://files.nc.gov/ncdor/documents/files/2016_d407a_instructions_for_estates_and_trusts_income_tax_return_0.pdf?bRJsf9zsF4hnjdDlO4DyA1pz8OACumQL,,,N,,43207,,43388,6 MONTH EXT,,,,,,
North Dakota (ND),Fiduciaries,,38,https://www.nd.gov/tax/data/upfiles/media/form-38.pdf?20180111102329,https://www.nd.gov/tax/data/upfiles/media/fiduciary-income-tax-booklet.pdf?20180111102423,,,,,43207,,42993,,,,,,,
North Dakota (ND),Fiduciaries,Fiduciary Income Tax Return,38,https://www.nd.gov/tax/data/upfiles/media/form-38.pdf?20180111102329,https://www.nd.gov/tax/data/upfiles/media/fiduciary-income-tax-booklet.pdf?20180111102423,,,,,43205,15th day of the 4th month following year end,42993,,,,,,,
Ohio (OH),Fiduciaries,Fiduciary Income Tax Return,IT-1041,https://www.tax.ohio.gov/Portals/0/forms/pass-through_entities/2017/PTE_IT1041.pdf,,,,,,,,,,,,,,,
Ohio (OH),Fiduciaries,Fiduciary Income Tax Return,IT-1041,https://www.tax.ohio.gov/portals/0/forms/pass-through_entities/2017/PTE_IT1041.pdf,https://www.tax.ohio.gov/portals/0/forms/pass-through_entities/2016/PTE_IT1041_Instructions.pdf,,,,,,,,,,,,,,
Oklahoma (OK),Fiduciaries,"Resident Fiduciary_x000D_
Return of Income",513,https://www.ok.gov/tax/documents/513Pkt-17.pdf,https://www.ok.gov/tax/documents/513Pkt-17.pdf,,,Y,,,,,,,,,,,
Oklahoma (OK),Fiduciaries,"Nonresident Fiduciary
Return of Income",513-NR,https://www.ok.gov/tax/documents/513NRpkt-17.pdf,https://www.ok.gov/tax/documents/513NRpkt-17.pdf,,,Y,,,,,,,,,,,
Oregon (OR),Fiduciaries,Fiduciary Income Tax Return,OR-41,http://www.oregon.gov/DOR/forms/FormsPubs/form-or-41_101-041_2017.pdf,,,,,,,,,,,,,,,
Pennsylvania (PA),Fiduciaries,Fiduciary Income Tax Return,PA-41,http://www.revenue.pa.gov/FormsandPublications/FormsforIndividuals/PIT/Documents/2016/2016_pa-41.pdf,https://www.tax-brackets.org/pennsylvaniataxforms/form-pa-41,,,Y,,43205,15th day of the fourth month following the close of the fiscal year,43373,,,,,,,
Rhode Island (RI),Fiduciaries,Fiduciary Income Tax Return,RI-1041,http://www.tax.ri.gov/forms/2017/Fiduciary/2017%20RI-1041_m.pdf,http://www.tax.ri.gov/forms/2017/Fiduciary/2017%201041%20Instructions.pdf,,,no,null,43205,15th day of the fourth month following the close of the taxable year,43205,"5 1/2  month - If no payment is required to be made with Form RI-8736 and the fiduciary is filing a Federal Form 7004 for the same period of time, the fiduciary does not need to submit Form RI-8736.",,,,,,
South Carolina (SC),Fiduciaries,FIDUCIARY INCOME TAX RETURN,SC1041,https://dor.sc.gov/forms-site/Forms/SC1041_2017.pdf,,,,,,,,43207,5 1/2 month,,,,,,
South Dakota (SD),Fiduciaries,null,null,null,null,,,null,null,null,null,null,null,,,,,,
Tennessee (TN),Fiduciaries,Individual Income Tax Return,INC 250,https://www.tn.gov/content/dam/tn/revenue/documents/forms/income/inc250_2017.pdf,instructions included with form,,,Yes,,43205,15 day of the fourth month following the fiscal year end,43205,Due date of the return,,,,,,
Utah (UT),Fiduciaries,Fiduciary Income Tax Return,TC-41,https://tax.utah.gov/forms/current/tc-41.pdf,https://tax.utah.gov/forms/current/tc-41inst.pdf,,,yes,null,43207,15th day of the fourth month after the fi scal year ends,43205,You automatically get an extension of up to six months to file your return. No extension form is required to be fi led. ,,,,,,
Vermont (VT),Fiduciaries,Fiduciary Return of Income,FIT-161,http://tax.vermont.gov/sites/tax/files/documents/FIT-161.pdf,http://tax.vermont.gov/sites/tax/files/documents/FIT-161%20Instr.pdf,,,Y,,43205,15th day of the fourth month following the close of the operating or income year,43205,5 1/2 month,,,,,,
Virginia (VA),Fiduciaries,Fiduciary Income Tax Return,770,https://www.tax.virginia.gov/sites/default/files/taxforms/individual-income-tax/2017/770-2017.pdf,https://www.tax.virginia.gov/sites/default/files/vatax-pdf/2017-form-770-instructions.pdf,,,Y,yes,43221, Fiscal year returns are due to no later than the 15th day of the 4th month following the close of the taxable year,43221,6 month site: https://www.tax.virginia.gov/sites/default/files/taxforms/individual-income-tax/2017/770ip-2017.pdf,,,,,,
Virginia (VA),Fiduciaries,Fiduciary Income Tax Return,770,https://www.tax.virginia.gov/sites/default/files/taxforms/individual-income-tax/2017/770-2017.pdf,https://www.tax.virginia.gov/sites/default/files/vatax-pdf/2017-form-770-instructions.pdf,,,Y,Depends,,,,,,,,,,
Washington DC (DC),Fiduciaries,Fiduciary Income Tax Return,D-41,https://otr.cfo.dc.gov/sites/default/files/dc/sites/otr/publication/attachments/2016%20D-41%20Booklet_11.8.16.pdf,https://otr.cfo.dc.gov/sites/default/files/dc/sites/otr/publication/attachments/2016%20D-41%20Booklet_11.8.16.pdf,,,y,,43207,15th day of the fourth month after the end of the fiscal year.,43207,6 months,,,,,,
West Virginia (WV),Fiduciaries,Fiduciary income tax for estates or trusts,IT-141,http://tax.wv.gov/Documents/TaxForms/2017/it141.pdf,http://tax.wv.gov/Documents/TaxForms/2017/it141.instructions.pdf,,,Yes,,43205,15th day of the fourth month following the close of the taxable year,43205,Any estate or trust granted an extension of time to file their federal return is granted the same extension of time to file their West Virginia return.,,,,,,
Wisconsin (WI),Fiduciaries,Fiduciary income tax for estates or trusts,2,https://www.revenue.wi.gov/TaxForms2017through2019/2017-Form2.pdf,https://www.revenue.wi.gov/TaxForms2017through2019/2017-Form2-inst.pdf,,,Yes,,43207,15th day of the 4th month after the close of the taxable year ,43205,"6 month - If you have an extension for filing your federal return, this automatically gives you a Wisconsin extension provided you",,,,,,
Wyoming (WY),Fiduciaries,null,null,null,null,,,null,null,null,null,null,null,,,,,,
Alabama (AL),Franchises,Alabama Business Privelege Tax Return and Annual Report,"CPT, PPT",https://revenue.alabama.gov/wp-content/uploads/2017/05/17fcptblk-1.pdf,https://revenue.alabama.gov/wp-content/uploads/2017/05/17fcptinstr.pdf,,,,,43174,15th day of the 3rd month following fiscal year end,43174,Due date of the return,,,,,,
Hawaii (HI),Franchises,,F-1,,,,,,,,,,,,,,,,
Iowa (IA),Franchises,Franchise Return for Financial Institutions,IA 1120F,https://tax.iowa.gov/sites/files/idr/forms1/2017IA1120F%2843001%29.pdf,https://tax.iowa.gov/sites/files/idr/forms1/2017IA1120Finst%2843008%29.pdf,,,,,,,,,,,,,,
Louisiana (LA),Franchises,Corporation Franchise Tax Initial Return,R-6906A (INITIAL YEAR),http://revenue.louisiana.gov/TaxForms/6906A(1_17)F%20Scripted.pdf,http://revenue.louisiana.gov/TaxForms/6906A(1_17)F%20Scripted.pdf,,,Y,,43235, 15th day of the fifth month following the close of the taxable year,43419,6 months,,,,,,
Louisiana (LA),Franchises,Corporation Franchise Tax Return,CIFT-620-SD (SUBSEQUENT YERS),https://www.pdffiller.com/jsfiller-desk/?projectId=153525988&expId=2933&expBranch=1#02fe32839c1a46058adbf5011fae4e2d,http://revenue.louisiana.gov/TaxForms/CIFT620i(1_17).pdf,,,Y,,43235, 15th day of the fifth month following the close of the taxable year,43419,6 months,,,,,,
Maine (ME),Franchises,MAINE FRANCHISE TAX RETURN,1120B-ME,http://www.maine.gov/revenue/forms/franchise/2017/17_1120B.pdf,http://www.maine.gov/revenue/forms/franchise/2017/17_1120B.pdf,,,,,,,,,,,,,,
New York (NY),Franchises,General Business Corporation Franchise Tax Return,CT-3,https://www.tax.ny.gov/pdf/current_forms/ct/ct3.pdf,https://www.tax.ny.gov/pdf/current_forms/ct/ct3i.pdf,,,Y,,43207,3½ months after the end of your reporting period,43388,6 month ext,,,,,,
Washington DC (DC),Franchises,Unincorporated Business Franchise Tax Return,D-30,https://otr.cfo.dc.gov/sites/default/files/dc/sites/otr/publication/attachments/2016%20D-30_Booklet_0.pdf,https://otr.cfo.dc.gov/sites/default/files/dc/sites/otr/publication/attachments/2016%20D-30_Booklet_0.pdf,,,,,,,,,,,,,,
Wisconsin (WI),Franchises,Nonresident Income or Franchise Tax Withholding on Pass-Through Entity Income,PW-1,https://www.revenue.wi.gov/TaxForms2017through2019/2017-FormPW-1.pdf,https://www.revenue.wi.gov/TaxForms2017through2019/2017-FormPW-1-Inst.pdf,,,,,,,,,,,,,,
Alabama (AL),Individual,Individual Income Tax Return (Residents & Part-Year Residents),40,https://revenue.alabama.gov/wp-content/uploads/2017/08/16f40blk.pdf,https://revenue.alabama.gov/wp-content/uploads/2017/08/16f40bk.pdf,,,Yes,Depends,43205,,43388, ,,,,,,
Alabama (AL),Individual,Individual Income Tax Return (Full Year Residents),40A,https://revenue.alabama.gov/wp-content/uploads/2017/08/16f40ablk.pdf,https://revenue.alabama.gov/wp-content/uploads/2017/08/16f40abk-1.pdf,,,,,43205,,43388,6 month ext,,,,,,
Alabama (AL),Individual,Nonresident Income Tax Return,40NR,https://revenue.alabama.gov/wp-content/uploads/2017/08/16f40nrblk.pdf,https://revenue.alabama.gov/wp-content/uploads/2017/08/16f40nrbk.pdf,,,,,43205,,43388,6 month ext,,,,,,
Arizona (AZ),Individual,Resident Personal Income Tax Return,140,https://www.azdor.gov/Portals/0/ADOR-forms/TY2017/INDIV-F/FORMS_INDIVIDUAL_2017_140.pdf,https://www.azdor.gov/Portals/0/ADOR-forms/TY2017/INDIV-I/FORMS_INDIVIDUAL_2017_140-i.pdf,,,,,43205,,43205,Due date of the return,,,,,,
Arizona (AZ),Individual,Resident Personal Income Tax Return (short form),140A,https://www.azdor.gov/Portals/0/ADOR-forms/TY2017/INDIV-F/FORMS_INDIVIDUAL_2017_140A.pdf,https://www.azdor.gov/Portals/0/ADOR-forms/TY2017/INDIV-I/FORMS_INDIVIDUAL_2017_140A-i.pdf,,,,,43205,,43205,Due date of the return,,,,,,
Arizona (AZ),Individual,Nonresident Personal Income Tax Return,140NR,https://www.azdor.gov/Portals/0/ADOR-forms/TY2017/INDIV-F/FORMS_INDIVIDUAL_2017_140NR.pdf,https://www.azdor.gov/Portals/0/ADOR-forms/TY2017/INDIV-I/FORMS_INDIVIDUAL_2017_140NR-i.pdf,,,,,43205,,43205,Due date of the return,,,,,,
Arizona (AZ),Individual,Part-Year Resident Personal Income Tax Return,140PY,https://www.azdor.gov/Portals/0/ADOR-forms/TY2017/INDIV-F/FORMS_INDIVIDUAL_2017_140PY.pdf,https://www.azdor.gov/Portals/0/ADOR-forms/TY2017/INDIV-I/FORMS_INDIVIDUAL_2017_140PY-i.pdf,,,,,43205,,43205,Due date of the return,,,,,,
Arizona (AZ),Individual,Individual Amended Return Form,140X,https://www.azdor.gov/Portals/0/ADOR-forms/TY2017/INDIV-F/FORMS_INDIVIDUAL_2017_140X-f.pdf,https://www.azdor.gov/Portals/0/ADOR-forms/TY2017/INDIV-I/FORMS_INDIVIDUAL_2017_140X-i.pdf,,,,,43205,,43205,Due date of the return,,,,,,
Arkansas (AR),Individual,INDIVIDUAL INCOME TAX RETURN - Full Year Resident,AR1000F,https://www.dfa.arkansas.gov/images/uploads/incomeTaxOffice/AR1000FFullYearResidentIndIncTaxRet.pdf,https://www.dfa.arkansas.gov/images/uploads/incomeTaxOffice/AR1000FandAR1000NRInstructions.pdf,,,,,43205,three and one-half (3 ½) months following the close of the income year ,43388,"One hundred and eighty (180) days (6 mos), extending the due date until October 15th",,,,,,
Arkansas (AR),Individual,INDIVIDUAL INCOME TAX RETURN - Nonresident and Part Year Resident,AR1000NR,https://www.dfa.arkansas.gov/images/uploads/incomeTaxOffice/AR1000NRPartYearorNonResidentIITRet.pdf,https://www.dfa.arkansas.gov/images/uploads/incomeTaxOffice/AR1000FandAR1000NRInstructions.pdf,,,,,43205,three and one-half (3 ½) months following the close of the income year ,43388,"One hundred and eighty (180) days (6 mos), extending the due date until October 15th",,,,,,
Arkansas (AR),Individual,INDIVIDUAL INCOME TAX RETURN - Full Year Resident/Short Form,AR1000S,https://www.dfa.arkansas.gov/images/uploads/incomeTaxOffice/AR1000S_2014_RE.pdf,https://www.dfa.arkansas.gov/images/uploads/incomeTaxOffice/AR1000SInstructions.pdf,,,,,43205,,43388,6 month extensiion is Automatic with Federal Extension,,,,,,
California (CA),Individual,Resident Income Tax Return,540,https://www.ftb.ca.gov/forms/2017/17_540.pdf#,https://www.ftb.ca.gov/forms/2016/16_540ins.pdf,,,Yes,Depends,8454,8879,,California e-file Return Authorization for Individuals ,,43205,null,43388,null,Automatic
California (CA),Individual,California Resident Income Tax Return ,540-2EZ,https://www.ftb.ca.gov/forms/2017/17_5402ezm.pdf#,https://www.ftb.ca.gov/forms/2017/17_5402ezins.pdf,,,Yes,Depends,8454,8879,,California e-file Return Authorization for Individuals ,,43205,null,43388,null,Automatic
California (CA),Individual,California Nonresident or Part-Year Resident Income Tax Return (Long) ,540-NR (Long),https://www.ftb.ca.gov/forms/2017/17_540nrlong.pdf,https://www.ftb.ca.gov/forms/2016/16_540nrlongins.pdf,,,Yes,Depends,8454,8879,,California e-file Return Authorization for Individuals ,,43205,null,43388,null,Automatic
California (CA),Individual,California Nonresident or Part-Year Resident Income Tax Return (Short) ,540-NR (Short),https://www.ftb.ca.gov/forms/2017/17_540nrshort.pdf,https://www.ftb.ca.gov/forms/2016/16_540nrshortins.pdf,,,Yes,Depends,8454,8879,,California e-file Return Authorization for Individuals ,,43205,null,43388,null,Automatic
Colorado (CO),Individual,"Individual Income Tax Return (Full Year, Part Year, and Non-Resident)",104,https://www.colorado.gov/pacific/sites/default/files/104Book.pdf,https://www.colorado.gov/pacific/sites/default/files/104Book.pdf,,,Yes,,43207,,43207,6-month extension,,,,,,
Colorado (CO),Individual,Individual Amended Return Form,104X,https://www.colorado.gov/pacific/sites/default/files/104X.pdf,https://www.colorado.gov/pacific/sites/default/files/104X.pdf,,,yes,,null,"The statute of limitations for filing a Colorado claim for refund is generally four years from the original due date of the return or three years from the date of last payment of tax for the year involved, whichever is later. ",null,null,,,,,,
Connecticut (CT),Individual,Resident Income Tax Return,CT-1040,http://www.ct.gov/drs/lib/drs/forms/1-2017/income/ct-1040_form_w_1217.pdf,http://www.ct.gov/drs/lib/drs/forms/1-2017/income/booklets/ct-1040_online_instruction_booklet_1217.pdf,,,Yes,,43207,15 day of the fourth month following the close of your taxable year.,43207,"6 months; zero returns are Automatic with Fed return; however, if payment is due, then form ct-1040 ext needs to be filed",,,,,,
Connecticut (CT),Individual,Non-resident/Part-Year Resident Tax Return,CT-1040NR/PY,http://www.ct.gov/drs/lib/drs/forms/1-2017/income/ct-1040nrpy_form_w_1217.pdf,http://www.ct.gov/drs/lib/drs/forms/1-2017/income/booklets/ct-1040nrpy_online_instruction_booklet_1217.pdf,,,yes,,43205,15 day of the fourth month following the close of your taxable year. ,43205,"6 months; zero returns are Automatic with Fed return; however, if payment is due, then form ct-1040 ext needs to be filed",,,,,,
Delaware (DE),Individual,Individual Non-Resident Income Tax Return,200-02 NR,https://revenue.delaware.gov/services/current_pit/TY17_200-02e.pdf,https://revenue.delaware.gov/services/current_pit/TY17_instructions_nr.pdf,,,,,43220, 30 day of the fourth month following the close of their taxable year,43220,6 months,,,,,,
Delaware (DE),Individual, INDIVIDUAL RESIDENT INCOME TAX RETURN ,200-01,https://revenue.delaware.gov/services/current_pit/TY17_200-01e.pdf,https://revenue.delaware.gov/services/current_pit/TY17_instructions_res.pdf,,,,,,,,,,,,,,
Georgia (GA),Individual,Individual income Tax Return ,500,https://dor.georgia.gov/sites/dor.georgia.gov/files/related_files/document/TSD/Form/500_2017_Individual_Income_Tax-Return.pdf,https://dor.georgia.gov/sites/dor.georgia.gov/files/related_files/document/TSD/Form/500_2017_Individual_Income_Tax-Return.pdf,,,Yes,Depends,43207,,,,,,,,,
Hawaii (HI),Individual,Individual Income Tax Return - Resident,N-11,http://files.hawaii.gov/tax/forms/2016/n11_b.pdf,http://files.hawaii.gov/tax/forms/2017/n11ins.pdf,,,Yes,,43210,,43210,,,,,,,
Hawaii (HI),Individual,Individual Income Tax Return - Nonresident and Part-Year Resident,N-15,http://files.hawaii.gov/tax/forms/2017/n15_i.pdf,http://files.hawaii.gov/tax/forms/2017/n15ins.pdf,,,,,,,,,,,,,,
Idaho (ID),Individual, Part-Year Resident & Nonresident Returns Only,43,https://tax.idaho.gov/forms/EFO00087_05-31-2017.pdf,,,,,,,,,,,,,,,
Idaho (ID),Individual,INDIVIDUAL INCOME TAX RETURN,40,https://tax.idaho.gov/forms/EFO00089_05-31-2017.pdf,https://tax.idaho.gov/forms/EIN00046_10-30-2017.pdf,,,,,,,,,,,,,,
Illinois (IL),Individual,Individual Income Tax Return,IL-1040,http://www.revenue.state.il.us/TaxForms/IncmCurrentYear/Individual/IL-1040.pdf,http://www.revenue.state.il.us/TaxForms/IncmCurrentYear/Individual/IL-1040-Instr.pdf,,,,,43205,,,AUTOMATIC,,,,,,
Indiana (IN),Individual,Individual Income Tax Return (full-Year Resident),IT-40,https://www.in.gov/dor/5695.htm,https://www.in.gov/dor/5695.htm,,,,,,,,,,,,,,
Indiana (IN),Individual,Individual Income Tax Return - Part-Yer or Full-Year Nonresident,IT-40PNR,https://www.in.gov/dor/5695.htm,https://www.in.gov/dor/5695.htm,,,,,,,,,,,,,,
Iowa (IA),Individual,Individual Income Tax Return,IA 1040,https://tax.iowa.gov/sites/files/idr/forms1/2017IA1040%2841001%29.pdf,https://tax.iowa.gov/sites/files/idr/forms1/ExpandedInstructions2016A.pdf,,,,,,,,,,,,,,
Iowa (IA),Individual,Composite Individual Income Tax Return for Nonresidents,IA 1040C,https://tax.iowa.gov/sites/files/idr/forms1/2017IA1040C%2841006%29.pdf,,,,,,,,,,,,,,,
Kansas (KS),Individual,KANSAS INDIVIDUAL INCOME TAX,K-40,https://www.ksrevenue.org/pdf/k-4017.pdf,https://www.ksrevenue.org/pdf/ip17.pdf,,,,,,,,,,,,,,
Kansas (KS),Individual,KANSAS INDIVIDUAL INCOME TAX (NON RESIDENT),K-40,https://www.ksrevenue.org/pdf/k-4017.pdf,https://www.ksrevenue.org/pdf/ip17.pdf,,,,,,,,,,,,,,
Kentucky (KY),Individual,INDIVIDUAL INCOME TAX RETURN,740,https://revenue.ky.gov/Forms/2016_42A740.pdf,https://revenue.ky.gov/Forms/2016_42A740(PKT).pdf,,,,,,,,,,,,,,
Louisiana (LA),Individual,Resident,IT-540,http://revenue.louisiana.gov/TaxForms/IT540-WEB(2016)F.pdf,http://revenue.louisiana.gov/TaxForms/IT540i(2016).pdf,,, 15th day of the fifth month following the close of the taxable year,N/A,43235,15th day of the fifth month after the close of the taxable year,43419,6 months,,,,,,
Louisiana (LA),Individual,Nonresident and Part-Year Resident,IT-540B,http://revenue.louisiana.gov/TaxForms/IT540B-WEB(2016)F.pdf,http://revenue.louisiana.gov/TaxForms/IT540Bi(2016).pdf,,,Y,,43235,15th day of the fifth month after the close of the taxable year,43419,6 months,,,,,,
Maine (ME),Individual,MAINE INDIVIDUAL INCOME TAX,1040ME,http://maine.gov/revenue/forms/1040/2017/17_1040me_d.pdf,http://maine.gov/revenue/forms/1040/2017/17_1040me_book_dwnld.pdf,,,,,,,,,,,,,,
Maryland (MD),Individual,Resident Income Tax Return,502,http://forms.marylandtaxes.gov/17_forms/502.pdf,http://forms.marylandtaxes.gov/current_forms/resident_booklet.pdf,,,,,,,,,,,,,,
Maryland (MD),Individual,Resident Income Tax Return - Maryland Dependents Information,502B,http://forms.marylandtaxes.gov/17_forms/502B.pdf,http://forms.marylandtaxes.gov/current_forms/resident_booklet.pdf,,,,,,,,,,,,,,
Massachusetts (MA),Individual,Nonresident/Part-Year Tax Return,1-NR/PY,https://www.mass.gov/files/documents/2017/11/17/dor-2017-inc-form-1-nrpy-.pdf,https://www.mass.gov/files/documents/2017/12/06/dor-2017-inc-form-1-nrpy-inst.pdf,,,,,,,,,,,,,,
Massachusetts (MA),Individual,Resident Income Tax Return,1,https://www.mass.gov/files/documents/2017/11/17/dor-2017-inc-form-1_0.pdf,https://www.mass.gov/files/documents/2017/12/06/dor-2017-inc-form-1-inst.pdf,,,,,,,,,,,,,,
Michigan (MI),Individual,Individual Tax Return,MI-1040,http://www.michigan.gov/documents/taxes/MI-1040_Instruction_Book_609085_7.pdf,http://www.michigan.gov/documents/taxes/MI_1040_Instruction_Book_Instructions_Only_609092_7.pdf,,,,,,,,,,,,,,
Mississippi (MS),Individual,Resident Individual Income Tax Return,80-105,http://www.dor.ms.gov/Forms/80105168.pdf,,,,,,,,,,,,,,,
Missouri (MO),Individual,INDIVIDUAL INCOME TAX RETURN - LONG FORM,MO-1040,http://dor.mo.gov/forms/MO-1040%20Fillable%20Calculating_2017.pdf,http://dor.mo.gov/forms/MO-1040%20Instructions_2017.pdf,,,,,,,,,,,,,,
Montana (MT),Individual,Individual Income Tax Return,M2,https://app.mt.gov/myrevenue/Endpoint/DownloadPdf?yearId=786,https://app.mt.gov/myrevenue/Endpoint/DownloadPdf?yearId=786,,,https://app.mt.gov/myrevenue/Endpoint/DownloadPdf?yearId=786,,,,,,,,,,,
Nebraska (NE),Individual,Individual Income Tax Return,1040N,http://www.revenue.nebraska.gov/tax/17forms/f_1040n.pdf,http://www.revenue.nebraska.gov/tax/17forms/f_1040n_booklet.pdf,,,,,,,,,,,,,,
Nevada (NV),Individual,,,,,,,,,,,,,,,,,,
New Hampshire (NH),Individual,BUSINESS PROFITS TAX RETURN,NH-1040,https://www.revenue.nh.gov/forms/2018/documents/nh-1040-2017-print.pdf,https://www.revenue.nh.gov/forms/2018/documents/nh-1040-instructions-2017.pdf,,,,,,,,,,,,,,
New Jersey (NJ),Individual,Income tax-Resident Return,NJ-1040,https://wwwc.fileyourtaxes.com/www13/cgi-bin/static/displayBlankPDF.pl?form=NJ-F1040.pdf&year=2016,http://www.state.nj.us/treasury/taxation/pdf/current/1040i.pdf,,,Y,Depends,04/15/201/,15th day of the fourth month following the close of the fiscal year,43388,"6 month extension; extension is automatic  with Fed ext for zero returns and if amount due, at least 80% of it was paid off; (if no Fed ext is filed, then ext form NJ-630 needs to be filed to obtain an ext for for both zero returns and for returns with payment due  satisfying the at least 80% requirement to be paid off - (see the return instructions for detail)",,,,,,
New Jersey (NJ),Individual,Income Tax-Nonresident Return,NJ-1040NR,http://www.state.nj.us/treasury/taxation/pdf/current/1040nr.pdf,http://www.state.nj.us/treasury/taxation/pdf/current/1040nri.pdf,,,Y,Depends,43205,15th day of the fourth month following the close of the fiscal year,43388,"6 month ext; extension is automatic  with Fed ext for zero returns and if amount due, at least 80% of it was paid off; (if no Fed ext is filed, then ext form NJ-630 needs to be filed to obtain an ext for for both zero returns and for returns with payment due  satisfying the at least 80% requirement to be paid off - (see the return instructions for more detail)",,,,,,
New Mexico (NM),Individual,,,,,,,,,,,,"If FED ext has been obtained, no need to submit ext form RPD-41096",,,,,,
New York (NY),Individual,"Nonresident and Part-Year Resident
Income Tax Return ",IT-203 (NON-RESIDENT),https://www.tax.ny.gov/pdf/current_forms/it/it203.pdf?_ga=2.216956950.1824729858.1515595587-422374619.1515170541,https://www.tax.ny.gov/pdf/current_forms/it/it203i.pdf?_ga=2.225396762.1824729858.1515595587-422374619.1515170541,,,Y,,43207,"6/15/2018 is the date by which you must file your 2017 New York State income tax return if you qualify to file your federal income tax return on June 15, 2018, because:
1) you are a U.S. citizen or resident alien and live outside the U.S. and Puerto Rico and your main place of business or post of duty is outside the U.S. and Puerto Rico, or
2) you are in the military service outside the U.S. and Puerto Rico when your 2017 return is due. The time to pay your New York State, New York City and Yonkers income tax, and any New York State or local sales or use tax is similarly automatically extended. 
(SEE ADDITONAL EXCEPTIONS ON THEINSTRUCTIONS)",43388,6 month ext,,,,,,
New York (NY),Individual,INDIVIDUAL INCOME TAX RETURN,IT-201,https://www.tax.ny.gov/pdf/current_forms/it/it201_fill_in_2d.pdf,https://www.tax.ny.gov/pdf/current_forms/it/it201i.pdf?_ga=2.23944762.1824729858.1515595587-422374619.1515170541,,,Y,,43207,"6/15/2018 is the date by which you must file your 2017 New York State income tax return if you qualify to file your federal income tax return on June 15, 2018, because:
1) you are a U.S. citizen or resident alien and live outside the U.S. and Puerto Rico and your main place of business or post of duty is outside the U.S. and Puerto Rico, or
2) you are in the military service outside the U.S. and Puerto Rico when your 2017 return is due. The time to pay your New York State, New York City and Yonkers income tax, and any New York State or local sales or use tax is similarly automatically extended. 
(SEE ADDITONAL EXCEPTIONS ON THEINSTRUCTIONS)",43388,6 month ext,,,,,,
North Carolina (NC),Individual,INDIVIDUAL INCOME TAX RETURN,D-400,https://files.nc.gov/ncdor/documents/files/2017_d-400_webfill.pdf?H8oYuS.8qxmD9eV9vjTpW3OWE.1QMwlm,https://files.nc.gov/ncdor/documents/files/2017_d-401_0.pdf?_1yW7DBUz_FrA0h_WE4WRXlR2e_7PGo9,,,Y,,43207,,43388,"If you are out of the country and unable to file your income tax return within the automatic 4 month_x000D_
extension period, an additional two month (2) extension may be obtained by filling in the circle at the_x000D_
bottom right of Form D-410. To receive the additional 2 month extension, file Form D-410 by August_x000D_
15, 2018.",,,,,,
North Dakota (ND),Individual,INDIVIDUAL INCOME TAX RETURN,ND-1,http://www.nd.gov/tax/data/upfiles/media/form-nd-1.pdf?20180108081133,http://www.nd.gov/tax/data/upfiles/media/individual-income-tax-booklet.pdf?20180108081102,,,,,43207,,43388,,,,,,,
Ohio (OH),Individual,Individual Income Tax Return,IT-1040,https://www.tax.ohio.gov/Portals/0/forms/ohio_individual/individual/2017/PIT_IT1040_Bundle_FI.pdf,https://www.tax.ohio.gov/portals/0/forms/ohio_individual/individual/2017/PIT_IT1040_Booklet.pdf,,,,,,,,,,,,,,
Oklahoma (OK),Individual,Nonresident/,511NR,https://www.ok.gov/tax/documents/511NRPkt-17.pdf,https://www.ok.gov/tax/documents/511NRPkt-17.pdf,,,,,,,,,,,,,,
Oklahoma (OK),Individual,Resident Income Tax Return ,511,http://www.metrolibrary.org/tax-forms/state/ok_tax_511.pdf,https://www.ok.gov/tax/documents/511Pkt-17.pdf,,,,,,,,,,,,,,
Oregon (OR),Individual, Individual Income Tax Return for Full-year Residents,OR-40,http://www.oregon.gov/DOR/forms/FormsPubs/form-or-40_101-040_2017.pdf,,,,,,,,,,,,,,,
Pennsylvania (PA),Individual,Income Tax Return,PA-40,http://www.revenue.pa.gov/FormsandPublications/FormsforIndividuals/PIT/Documents/2016/2016_pa-40.pdf,http://www.revenue.pa.gov/FormsandPublications/FormsforIndividuals/PIT/Documents/2016/2016_pa-40in.pdf,,,Y,,43205,null,43388,,,,,,,
Pennsylvania (PA),Individual,Nonresident Consolidated Income Tax Return,PA-40 NRC,http://www.revenue.pa.gov/FormsandPublications/FormsforBusinesses/Partnerships-S-Corps-LLCs/Documents/2016/2016_pa-40nrc.pdf,http://www.zillionforms.com/2016/I703080955.PDF,,,Y,,43205,null,43388,,,,,,,
Rhode Island (RI),Individual,Nonresident Individual Income Tax Return,RI-1040NR,http://www.tax.ri.gov/forms/2017/Income/2017%201040NR_m.pdf,http://www.tax.ri.gov/forms/2017/Income/2017%20NR%20Instructions_v3.pdf,,,,,,,,,,,,,,
Rhode Island (RI),Individual,Resident Individual Income Tax Return,RI-1040,http://www.tax.ri.gov/forms/2017/Income/2017%201040_m.pdf,,,,,,,,,,,,,,,
South Carolina (SC),Individual,INDIVIDUAL INCOME TAX RETURN,SC1040,https://dor.sc.gov/forms-site/Forms/SC1040_2017.pdf,,,,,,,,,,,,,,,
South Dakota (SD),Individual,,,,,,,,,,,,,,,,,,
Tennessee (TN),Individual,Individual Income Tax Return,INC 250,https://www.tn.gov/content/dam/tn/revenue/documents/forms/income/inc250_2017.pdf,https://www.tn.gov/content/dam/tn/revenue/documents/forms/income/inc250_2017.pdf,,,,,,,,,,,,,,
Texas (TX),Individual,,,,,,,,,,,,,,,,,,
Utah (UT),Individual,Individual Income Tax Return,TC-40,https://tax.utah.gov/forms/current/tc-40.pdf,https://tax.utah.gov/forms/current/tc-40inst.pdf,,,,,,,,,,,,,,
Vermont (VT),Individual,INCOME TAX RETURN,IN-111,http://tax.vermont.gov/sites/tax/files/documents/IN-111.pdf,http://tax.vermont.gov/sites/tax/files/documents/IN-111%20Instr.pdf,,,,,,,,,,,,,,
Virginia (VA),Individual, Income Tax Return,760C (NONRESIDENT),https://www.tax.virginia.gov/sites/default/files/taxforms/individual-income-tax/2017/760c-2017.pdf,https://www.tax.virginia.gov/sites/default/files/vatax-pdf/2017-form-760c-instructions.pdf,,,Y,Depends,,,,,,,,,,
Virginia (VA),Individual,Individual Income Tax Return,760,https://www.tax.virginia.gov/sites/default/files/taxforms/individual-income-tax/2017/760-2017.pdf,https://www.tax.virginia.gov/sites/default/files/vatax-pdf/2017-form-760-instructions.pdf,,,,,,,,,,,,,,
Washington DC (DC),Individual,D-40 Individual Income Tax Return,D-40,https://otr.cfo.dc.gov/sites/default/files/dc/sites/otr/publication/attachments/2017%20FINAL%20D-40%20D-40EZ_BOOK%2010.31.17.pdf,https://otr.cfo.dc.gov/sites/default/files/dc/sites/otr/publication/attachments/2017%20FINAL%20D-40%20D-40EZ_BOOK%2010.31.17.pdf,,,,,,,,,,,,,,
West Virginia (WV),Individual,Personal Income Tax Return,IT-140,http://tax.wv.gov/Documents/TaxForms/2017/it140.booklet.pdf,http://tax.wv.gov/Documents/TaxForms/2017/it140.booklet.pdf,,,,,,,,,,,,,,
West Virginia (WV),Individual,Nonresident Composite Return,IT-140 NRC,http://tax.wv.gov/Documents/TaxForms/2017/it140.booklet.pdf,http://tax.wv.gov/Documents/TaxForms/2017/it140.booklet.pdf,,,,,,,,,,,,,,
Wisconsin (WI),Individual,Income Tax Return,1A,https://www.revenue.wi.gov/TaxForms2017through2019/2017-Form1A.pdf,https://www.revenue.wi.gov/TaxForms2017through2019/2017-Form1AandWI-Z-inst.pdf,,,,,,,,,,,,,,
Wisconsin (WI),Individual,Composite - Individual Income Tax Return for Nonresident Partners,1CNP,https://www.revenue.wi.gov/TaxForms2017through2019/2017-Form1CNP.pdf,https://www.revenue.wi.gov/TaxForms2017through2019/2017-Form1CNP-Inst.pdf,,,,,,,,,,,,,,
Wisconsin (WI),Individual,Composite - Individual Income Tax Return for Nonresident Tax-Option (s) Corporation Shareholders,1CNS,https://www.revenue.wi.gov/TaxForms2017through2019/2017-Form1CNS.pdf,https://www.revenue.wi.gov/TaxForms2017through2019/2017-Form1CNS-Inst.pdf,,,,,,,,,,,,,,
Wisconsin (WI),Individual,Nonresident & part-year resident income tax,1NPR,https://www.revenue.wi.gov/TaxForms2017through2019/2017-Form1NPR.pdf,https://www.revenue.wi.gov/TaxForms2017through2019/2017-Form1NPR-inst.pdf,,,,,,,,,,,,,,
Wyoming (WY),Individual,null,null,,,,,,,,,,,,,,,,
California (CA),LLC,Limited Liability Company Return of Income ,568,https://www.ftb.ca.gov/forms/2017/17_568.pdf#,https://www.ftb.ca.gov/forms/2017/17_568bk.pdf,,,Yes,Depends,43174,15th day of the 3rd month following the close of the taxable year - for LLC's classified as Partnerships,43388,"7 months - For taxable years beginning on or after January 1, 2017, the extension period for a limited liability company (LLC) classified as a partnership to file its tax return has changed from six months to seven months",,,,,,
Indiana (IN),LLC,"Limited Liability Company: If the LLC qualifies under IRS guidelines, it may be taxed only once. Like a partnership at the employee or member level, LLCs do not face the same restrictions as an S Corporation. One of the following forms would need to be filed in Indiana: ","IT-40, IT-40PNR or IT-65",,,,,,,43205,15th day of the 4th month following close of the taxable year,,,,,,,,
Missouri (MO),LLC,,,,,,,,,,,,,,,,,,
Montana (MT),LLC,,,,,,,,,,,,,,,,,,
Nebraska (NE),LLC,,,,,,,,,,,,,,,,,,
Nevada (NV),LLC,,,,,,,,,,,,,,,,,,
New Hampshire (NH),LLC,,,,,,,,,,,,,,,,,,
New Jersey (NJ),LLC,Partnership Return,NJ-1065,http://www.state.nj.us/treasury/taxation/pdf/current/part/1065part.pdf,http://www.state.nj.us/treasury/taxation/pdf/current/part/1065i.pdf,,,y,Depends,43205,15th day of the fourth month after the end of the tax year,43358,5 month extension,,,,,,
New Mexico (NM),LLC,,,,,,,,,,,,,,,,,,
New York (NY),LLC,"Partnership, Limited Liability Company, and_x000D_
Limited Liability Partnership_x000D_
Filing Fee Payment Form",IT-204-LL,https://www.tax.ny.gov/pdf/current_forms/it/it204ll_fill_in.pdf?_ga=2.254689288.1824729858.1515595587-422374619.1515170541,https://www.tax.ny.gov/pdf/current_forms/it/it204lli.pdf?_ga=2.254689288.1824729858.1515595587-422374619.1515170541,,,Y,Depends,43174,15th day of the third month following the close of your tax year,N/A,There is no extension of time to file form IT-204-ll,,,,,,
North Carolina (NC),LLC,PARTNERSHIP INCOME TAX RETURN,D-403,https://files.nc.gov/ncdor/documents/files/2017_d-403_webfill.pdf?iGfP5rkRat.0mAt5X7wPkeBQ3Kr9fNRx,https://files.nc.gov/ncdor/documents/files/2017_d-403a_web.pdf?JSvJNcJ0Neut56LOhpMgS_ApC1vaU0ip,,,Y,,43207,,43388,6 MONTH EXT,,,,,,
North Dakota (ND),LLC,,58,https://www.nd.gov/tax/data/upfiles/media/form-58_1.pdf?20180111101132,https://www.nd.gov/tax/data/upfiles/media/corporate-income-tax-booklet.pdf?20180111101423,,,,,43174,,42993,,,,,,,
Ohio (OH),LLC,,,,,,,,,,,,,,,,,,
Oklahoma (OK),LLC,,,,,,,,,,,,,,,,,,
Oregon (OR),LLC,,,,,,,,,,,,,,,,,,
Pennsylvania (PA),LLC,S Corporation/Partnership,PA-20S/PA-65,http://www.revenue.pa.gov/FormsandPublications/FormsforBusinesses/Partnerships-S-Corps-LLCs/Documents/2016/2016_pa-20s-pa-65.pdf,http://www.revenue.pa.gov/FormsandPublications/FormsforBusinesses/Partnerships-S-Corps-LLCs/Documents/2016/2016_pa-20s-pa-65.pdf,,,Y,,43205,15th day of the fourth month following the close of the fiscal year,43358,,,,,,,
Rhode Island (RI),LLC,Partnership Income Return,RI-1065,http://www.tax.ri.gov/forms/2017/DRAFTS/Corp/RI-1065_FFXTEST.pdf,http://www.tax.ri.gov/forms/2016/Corp/2016%20RI-1065%20Instructions_122016.pdf,,,,,,,,,,,,,,
South Carolina (SC),LLC,,,,,,,,,,,,,,,,,,
South Dakota (SD),LLC,,,,,,,,,,,,,,,,,,
Tennessee (TN),LLC,,,,,,,,,,,,,,,,,,
Texas (TX),LLC,,,,,,,,,,,,,,,,,,
Utah (UT),LLC,"Partnership/Limited Liability Partnership/_x000D_
Limited Liability Company Return",TC-65,https://tax.utah.gov/forms/current/tc-65.pdf,https://tax.utah.gov/forms/current/tc-65inst.pdf,,,,,,,,,,,,,,
Vermont (VT),LLC,,,,,,,,,,,,,,,,,,
Virginia (VA),LLC,,,,,,,,,,,,,,,,,,
Washington DC (DC),LLC,,,,,,,,,,,,,,,,,,
Wyoming (WY),LLC,null,null,,,,,,,,,,,,,,,,
Alabama (AL),Partnership,Partnership/Limited Liability Company Return of Income,65,https://revenue.alabama.gov/wp-content/uploads/2018/01/17f65.pdf,https://revenue.alabama.gov/wp-content/uploads/2018/01/17f65instr.pdf,,,,,43174,15th day of the 3rd month following fiscal year end,43327,5 month ext,,,,,,
Arizona (AZ),Partnership,Partnership Income Tax Return,165,https://www.azdor.gov/Portals/0/ADOR-forms/TY2017/CORP-F/FORMS_PARTNERSHIP_2017_165_f.pdf,https://www.azdor.gov/Portals/0/ADOR-forms/TY2017/CORP-I/FORMS_PARTNERSHIP_2017_165-i.pdf,,,,,43205,15th day of the 3rd month following fiscal year end,43205,Due date of the return,,,,,,
Arkansas (AR),Partnership,PARTNERSHIP INCOME TAX RETURN,AR1050,https://www.dfa.arkansas.gov/images/uploads/incomeTaxOffice/AR1050.pdf,https://www.dfa.arkansas.gov/images/uploads/incomeTaxOffice/PartnershipTaxInst.pdf,,,,,43174,15th day of the 3rd month following fiscal year end,43205,15th day of the 4th month following the fiscal year end,,,,,,
California (CA),Partnership,Partnership Return of Income ,565,https://www.ftb.ca.gov/forms/2017/17_565.pdf#,https://www.ftb.ca.gov/forms/2017/17_565bk.pdf,,,Yes,Depends,43174,A partnership must file Form 565 and pay the $800 annual tax (if required) by the 15th day of the 3rd month (fiscal year),43388,"7 months - If a partnership needs more time to file Form 565 by the return’s due date, the partnership is granted an automatic seven month extension.",,,,,,
Colorado (CO),Partnership,Pass-Trhough Entity Composite Nonresident Income Tax Form (Partnership/S-Corporation Booklet),106,https://www.colorado.gov/pacific/sites/default/files/106Book.pdf,https://www.colorado.gov/pacific/sites/default/files/106Book.pdf,,,Yes,,43207,"15 day of the fourth month after the close of the tax year, ",,6 months,,,,,,
Connecticut (CT),Partnership,Composite Income Tax Return,CT-1065,http://www.ct.gov/drs/lib/drs/forms/1-2017/composite/ct-1065_ct-1120si_1217.pdf,http://www.ct.gov/drs/lib/drs/forms/1-2017/composite/ct-1065_ct-1120si_booklet_1217.pdf,,,yes,,43205,15  day of the fourth month following the close of the taxable year,43205,"5 months, but only only if federal Form 7004, Application for Automatic Extension of Time to File Certain Business Income Tax, Information, and Other Returns, has been filed",,,,,,
Connecticut (CT),Partnership,Composite Income Tax Return,CT-1120SI,http://www.ct.gov/drs/lib/drs/forms/1-2017/composite/ct-1065_ct-1120si_1217.pdf,http://www.ct.gov/drs/lib/drs/forms/1-2017/composite/ct-1065_ct-1120si_booklet_1217.pdf,,,yes,,43205,15  day of the fourth month following the close of the taxable year,43205,"5 months, but only only if federal Form 7004, Application for Automatic Extension of Time to File Certain Business Income Tax, Information, and Other Returns, has been filed",,,,,,
Delaware (DE),Partnership,PARTNERSHIP RETURN,300,https://revenue.delaware.gov/services/current_pit/TY17_300e.pdf,https://revenue.delaware.gov/services/current_pit/TY16_300i.pdf,,,,,,,,,,,,,,
Georgia (GA),Partnership,Partnership Tax Return,700,https://dor.georgia.gov/sites/dor.georgia.gov/files/related_files/document/TSD/Form/TSD_Partnership_Tax_Return_700_2017.pdf,,,,,,,,,,,,,,,
Hawaii (HI),Partnership,PARTNERSHIP RETURN OF INCOME,N-20,http://files.hawaii.gov/tax/forms/2017/n20_f.pdf,http://files.hawaii.gov/tax/forms/2017/n20ins.pdf,,,,,,,,,,,,,,
Idaho (ID),Partnership,PARTNERSHIP RETURN OF INCOME,65,https://tax.idaho.gov/forms/EFO00035_06-13-2017.pdf,https://tax.idaho.gov/forms/EIN00046_10-30-2017.pdf,,,,,,,,,,,,,,
Illinois (IL),Partnership,Partnership Replacement Tax Return,IL-1065,http://www.revenue.state.il.us/TaxForms/IncmCurrentYear/Business/Partnership/IL-1065.pdf,http://www.revenue.state.il.us/TaxForms/IncmCurrentYear/Business/Partnership/IL-1065-Instr.pdf,,,,,43205,15th day of the 4rd month following fiscal year end,,AUTOMATIC,,,,,,
Indiana (IN),Partnership,Partnership Return,IT-65,https://www.in.gov/dor/5696.htm,https://www.in.gov/dor/5696.htm,,,,,,,,,,,,,,
Iowa (IA),Partnership,Partnership Return of Income,IA 1065,https://tax.iowa.gov/sites/files/idr/forms1/2017IA1065%2841016%29.pdf,https://tax.iowa.gov/sites/files/idr/forms1/2015IA1065_Instructions%20%2841017%29.pdf,,,,,,,,,,,,,,
Kansas (KS),Partnership,PARTNERSHIP or S CORPORATION INCOME,K-120S,https://www.ksrevenue.org/pdf/k-120s17.pdf,,,,,,,,,,,,,,,
Kentucky (KY),Partnership,PARTNERSHIP INCOME AND LLET RETURN,765,https://revenue.ky.gov/Forms/2016_41A765.pdf,https://revenue.ky.gov/Forms/2016_41A765(I).pdf,,,,,,,,,,,,,,
Louisiana (LA),Partnership,Partnership Return of Income,IT-565,http://revenue.louisiana.gov/TaxForms/565(1_17).pdf,http://revenue.louisiana.gov/TaxForms/565(1_17).pdf,,,Y,,43205, 15th day of the fourth month after the close of the fiscal period,43388,6 months,,,,,,
Maine (ME),Partnership,FOR FINANCIAL INSTITUTIONS,1065ME/1120S-ME,,,,,,,,,,,,,,,,
Maryland (MD),Partnership,PASS-THROUGH ENTITY INCOME TAX RETURN,510,http://forms.marylandtaxes.gov/current_forms/510.pdf,http://forms.marylandtaxes.gov/current_forms/PTE_Booklet.pdf,,,,,,,,,,,,,,
Massachusetts (MA),Partnership,Partnership Return of Income,3,https://www.mass.gov/files/documents/2017/12/01/dor-2017-partnership-form-3.pdf,,,,,,,,,,,,,,,
Michigan (MI),Partnership,,,,,,,,,,,,,,,,,,
Mississippi (MS),Partnership,,84-105,http://www.dor.ms.gov/Forms/84105168.pdf,,,,,,,,,,,,,,,
Missouri (MO),Partnership,Partnership Return of Income,MO-1065,http://dor.mo.gov/forms/MO-1065_2017.pdf,,,,,,,,,,,,,,,
Montana (MT),Partnership, Partnership Information and Composite Tax Return,PR-1,https://app.mt.gov/myrevenue/Endpoint/DownloadPdf?yearId=807,https://app.mt.gov/myrevenue/Endpoint/DownloadPdf?yearId=807,,,,,,,,,,,,,,
Nebraska (NE),Partnership,Return of Partnership Income,1065N,http://www.revenue.nebraska.gov/tax/17forms/f_1065n.pdf,http://www.revenue.nebraska.gov/tax/17forms/f_1065n_booklet.pdf,,,,,,,,6 months,,,,,,
Nevada (NV),Partnership,,,,,,,,,,,,,,,,,,
New Hampshire (NH),Partnership,"
 BUSINESS PROFITS TAX RETURN",NH-1065,https://www.revenue.nh.gov/forms/2018/documents/nh-1065-2017-print.pdf,https://www.revenue.nh.gov/forms/2017/documents/nh-1065-es-2016-print.pdf,,,,,,,,,,,,,,
New Jersey (NJ),Partnership,Partnership Return,NJ-1065,http://www.state.nj.us/treasury/taxation/pdf/current/part/1065part.pdf,http://www.state.nj.us/treasury/taxation/pdf/current/part/1065i.pdf,,,Y,Depends,43205,15th day of the fourth month after the end of the tax year,43358,"5 month ext; automatic with Fed extension, however, if you did not obtain a Federal extension and you need more time to file your New Jersey Form NJ-1065, Federal Form 7004 must be submitted as your request to New Jersey on or before the original due date of the return - see the return instructions for detail",,,,,,
New Mexico (NM),Partnership,,,,,,,,,,,,,,,,,,
New York (NY),Partnership,Partnership Return,IT-204,https://www.tax.ny.gov/pdf/current_forms/it/it204_fill_in.pdf?_ga=2.221085976.1824729858.1515595587-422374619.1515170541,https://www.tax.ny.gov/pdf/current_forms/it/it204i.pdf,,,Y,,43174,"15th day of the third month after the end of the tax year
(SEE EXT INSTRUCTIONS FOR ADDITIONAL EXCEPTIONS)",43358,6 month ext,,,,,,
North Carolina (NC),Partnership,PARTNERSHIP INCOME TAX RETURN,D-403,https://files.nc.gov/ncdor/documents/files/2017_d-403_webfill.pdf?iGfP5rkRat.0mAt5X7wPkeBQ3Kr9fNRx,https://files.nc.gov/ncdor/documents/files/2017_d-403a_web.pdf?JSvJNcJ0Neut56LOhpMgS_ApC1vaU0ip,,,Y,,43207,,43388,"bottom right of Form D-410. To receive the additional 2 month extension, file Form D-410 by August",,,,,,
North Dakota (ND),Partnership,Partnership Income Tax Return,58,https://www.nd.gov/tax/data/upfiles/media/form-58_1.pdf?20180111101132,https://www.nd.gov/tax/data/upfiles/media/corporate-income-tax-booklet.pdf?20180111101423,,,,,43174,,42993,,,,,,,
Ohio (OH),Partnership,,,,,,,,,,,,,,,,,,
Oklahoma (OK),Partnership,Partnership Income Tax Return,514,https://www.ok.gov/tax/documents/514Pkt-17.pdf,https://www.ok.gov/tax/documents/514Pkt-17.pdf,,,,,,,,,,,,,,
Oregon (OR),Partnership,Partnership Return of Income,OR-65,http://www.oregon.gov/DOR/forms/FormsPubs/form-or-65_101-065_2017.pdf,,,,,,,,,,,,,,,
Pennsylvania (PA),Partnership,S Corporation/Partnership,PA-20S/PA-65,http://www.revenue.pa.gov/FormsandPublications/FormsforBusinesses/Partnerships-S-Corps-LLCs/Documents/2016/2016_pa-20s-pa-65.pdf,http://www.revenue.pa.gov/FormsandPublications/FormsforBusinesses/Partnerships-S-Corps-LLCs/Documents/2016/2016_pa-20s-pa-65.pdf,,,Y,,43205,15th day of the fourth month following the close of the fiscal year,43358,,,,,,,
Rhode Island (RI),Partnership,Partnership Income Return,RI-1065,http://www.tax.ri.gov/forms/2017/DRAFTS/Corp/RI-1065_FFXTEST.pdf,http://www.tax.ri.gov/forms/2016/Corp/2016%20RI-1065%20Instructions_122016.pdf,,,,,,,,,,,,,,
South Carolina (SC),Partnership,PARTNERSHIP RETURN,SC1065,https://dor.sc.gov/forms-site/Forms/SC1065_2017.pdf,,,,,,,,43207,6 month,,,,,,
South Dakota (SD),Partnership,,,,,,,,,,,,,,,,,,
Tennessee (TN),Partnership,,,,,,,,,,,,,,,,,,
Texas (TX),Partnership,,,,,,,,,,,,,,,,,,
Utah (UT),Partnership,"Partnership/Limited Liability Partnership/_x000D_
Limited Liability Company Return",TC-65,https://tax.utah.gov/forms/current/tc-65.pdf,https://tax.utah.gov/forms/current/tc-65inst.pdf,,,,,,,,,,,,,,
Vermont (VT),Partnership,,,,,,,,,,,,,,,,,,
Virginia (VA),Partnership,Return of Income and Return of Nonresident withholding Tax,502,https://www.tax.virginia.gov/sites/default/files/taxforms/corporation-and-pass-through-entity-tax/2016/502-2016.pdf,https://www.tax.virginia.gov/sites/default/files/2016-12/502-2016-instructions.pdf,,,y,Y,43205,15th day of the 4th month after the close of the entity’s taxable year,43388,"6 month ext; An automatic extension of time to file is granted to the date 6 months after the due date for filing Form 502 or 30 days after the extended due date for filing the federal income tax return, whichever is later (see return instructions for details))",,,,,,
Washington DC (DC),Partnership,Partnership Return of Income,D-65,https://otr.cfo.dc.gov/sites/default/files/dc/sites/otr/publication/attachments/2016%20D-65_Fill-in.pdf,,,,,,,,,,,,,,,
West Virginia (WV),Partnership,,,,,,,,,,,,,,,,,,
Wisconsin (WI),Partnership,Partnership Return,3,https://www.revenue.wi.gov/DORForms/2016-Form3.pdf,https://www.revenue.wi.gov/DORForms/2016-Form3-inst.pdf,,,,,,,,,,,,,,
Wyoming (WY),Partnership,null,null,,,,,,,,,,,,,,,,
Alabama (AL),S-Corp,Department of Revenue S Corporation Information/Tax Return,20S,https://revenue.alabama.gov/wp-content/uploads/2018/01/17f20s.pdf,https://revenue.alabama.gov/wp-content/uploads/2018/01/17f20sinstr.pdf,,,Yes,,43174,15th day of the 3rd month following fiscal year end,43358,6 month ext,,,,,,
Arizona (AZ),S-Corp,S Corporation Income Tax Return,120S,https://www.azdor.gov/Portals/0/ADOR-forms/TY2017/CORP-F/FORMS_CORPORATE_2017_120S_f.pdf,https://www.azdor.gov/Portals/0/ADOR-forms/TY2017/CORP-I/FORMS_CORPORATE_2017_120S-i.pdf,,,,,43174,15th day of the 3rd month following fiscal year end,43174,Due date of the return,,,,,,
Arkansas (AR),S-Corp,S Corporation Income Tax Return,AR1100S,http://staging-dfa-site.ark.org/images/uploads/incomeTaxOffice/AR1100S_2017_Re.pdf,http://staging-dfa-site.ark.org/images/uploads/incomeTaxOffice/SubchapterS_Instructions_2017.pdf,,,,,43205,15th day of the 4th month following fiscal year end,43205,Due date of the return,,,,,,
California (CA),S-Corp,California S Corporation Franchise or Income Tax Return ,100-S,https://www.ftb.ca.gov/forms/2017/17_100s.pdf#,https://www.ftb.ca.gov/forms/2017/17_100sbk.pdf,,,Yes,Depends,null,File Form 100S by the 15th day of the 3rd month after the close of the taxable year unless the return is for a short-period as required under R&TC Section 24634,null,it may file on or before the 15th day of the 9th month without filing a written request for an extension,,,,,,
Colorado (CO),S-Corp,Pass-Trhough Entity Composite Nonresident Income Tax Form (Partnership/S-Corporation Booklet),106,https://www.colorado.gov/pacific/sites/default/files/106Book.pdf,https://www.colorado.gov/pacific/sites/default/files/106Book.pdf,,,yes,,43207,"15 day of the fourth month after the close of the tax year, ",null,6 months,,,,,,
Delaware (DE),S-Corp,"S CORPORATION RECONCILIATION_x000D_
AND SHAREHOLDERS INFORMATION RETURN",1100-S,https://revenue.delaware.gov/services/current_bt/TY16_1100Se.pdf,https://revenue.delaware.gov/services/current_bt/TY16_1100Si.pdf,,,,,43220,30th day of the third month following the close of the taxable year,,,,,,,,
Georgia (GA),S-Corp,Corporation Tax Return,600S,https://dor.georgia.gov/sites/dor.georgia.gov/files/related_files/document/TSD/Form/600S_2017_Corporation_Tax_Return.pdf,,,,,,,,,,,,,,,
Hawaii (HI),S-Corp,S Corporatioin Income Tax return,N-35,http://files.hawaii.gov/tax/forms/2016/n35_f.pdf,http://files.hawaii.gov/tax/forms/2016/n35_f.pdf,,,,,,,,,,,,,,
Idaho (ID),S-Corp,S CORPORATION INCOME TAX RETURN,41S,https://tax.idaho.gov/forms/EFO00028_06-05-2017.pdf,https://tax.idaho.gov/forms/EIN00046_10-30-2017.pdf,,,,,,,,,,,,,,
Illinois (IL),S-Corp,Small Business Corporation Replacement Tax Return,IL-1120-ST,http://www.revenue.state.il.us/TaxForms/IncmCurrentYear/Business/SmallBusiness/IL-1120-ST.pdf,http://tax.illinois.gov/TaxForms/IncmCurrentYear/Business/SmallBusiness/IL-1120-ST-Instr.pdf,,,,,43174,15th day of the 3rd month following fiscal year end,,AUTOMATIC,,,,,,
Indiana (IN),S-Corp,S Corporation Income Tax Return,IT-20S,Note:  Tax form and nstructions are on the same pdf https://www.in.gov/dor/5696.htm,https://www.in.gov/dor/5696.htm,,,,,43205,15th day of the 4th month following close of the taxable year,,,,,,,,
Iowa (IA),S-Corp,Income Tax Return for S Corporations,IA 1120S,https://tax.iowa.gov/sites/files/idr/forms1/2017IA1120S%2842004%29.pdf,,,,,,,,,,,,,,,
Kansas (KS),S-Corp,PARTNERSHIP or S CORPORATION INCOME,K-120S,https://www.ksrevenue.org/pdf/k-120s17.pdf,,,,,,,,,,,,,,,
Kentucky (KY),S-Corp,S-CORPORATION INCOME TAX AND LLET RETURN,720S,https://revenue.ky.gov/Software-Developer/Corporation%20Income%20Tax%20Forms/16_41A720S%20(0001).pdf,https://revenue.ky.gov/Forms/15_41A720SI1115.pdf,,,,,,,,,,,,,,
Louisiana (LA),S-Corp,Corporation Income Tax Return,CIFT-620SD,http://revenue.louisiana.gov/TaxForms/CIFT620WEB(1_16)F.pdf,http://revenue.louisiana.gov/TaxForms/CIFT620i(1_17).pdf,,,Y,,43235, 15th day of the fifth month following the close of the taxable year,43419,6 months,,,,,,
Maine (ME),S-Corp,CORPORATE INCOME TAX RETURN,NULL,NULL,NULL,,,,,,,,,,,,,,
Maryland (MD),S-Corp,PASS THROUGH ENTITY INCOME TAX RETURN,510,http://forms.marylandtaxes.gov/17_forms/510.pdf,http://forms.marylandtaxes.gov/current_forms/PTE_Booklet.pdf,,,,,,,,,,,,,,
Massachusetts (MA),S-Corp,S Corporation Excise Return,355S,https://www.mass.gov/files/documents/2017/11/06/dor-2017-corp-355s-form-355s.pdf,,,,,,,,,,,,,,,
Michigan (MI),S-Corp,COMPOSITE INDIVIDUAL TAX RETURN,810,,,,,,,,,,,,,,,,
Mississippi (MS),S-Corp,PASS-THROUGH ENTITY TAX RETURN,84-105,http://www.dor.ms.gov/Forms/84105168.pdf,,,,,,,,,,,,,,,
Missouri (MO),S-Corp,S-Corporation Income Tax Return,MO-1120S,http://dor.mo.gov/forms/MO-1120S_2017.pdf,http://dor.mo.gov/forms/MO-1120S%20Instructions_2017.pdf,,,,,,,,,,,,,,
Montana (MT),S-Corp,S CORPORATION INFORMATION AND COMPOSITE TAX RETURN,CLT-4S,https://app.mt.gov/myrevenue/Endpoint/DownloadPdf?yearId=806,https://app.mt.gov/myrevenue/Endpoint/DownloadPdf?yearId=806,,,,,,,,,,,,,,
Nebraska (NE),S-corp,S CORPORATION INCOME TAX RETURN,1120-SN,,,,,,,,,,,,,,,,
Nevada (NV),S-Corp,COMMERCE TAX RETURN,NCTR,,,,,,,,,,,,,,,,
New Hampshire (NH),S-Corp,BUSINESS PROFITS TAX RETURN,NH-1120,,,,,,,,,,,,,,,,
New Jersey (NJ),S-Corp,Corporation Business Tax Return,CBT-100,http://www.state.nj.us/treasury/taxation/pdf/current/cbt/cbt100.pdf,http://www.state.nj.us/treasury/taxation/pdf/current/cbt/cbt100ins.pdf,,,Y,Y,43207,43388,,"6 month ext (Where a tentative return, Form CBT-200-T, and tax payment are timely and properly filed, it is the policy of the Division of Taxation to grant an extension of no more than six (6) months for filing the CBT-100)",,,,,,
New Mexico (NM),S-Corp,SUP-CHAPTER S CORPORATE INCOME AND FRANCHISE TAX RETURN,S-CORP,,,,,,,,,,"If FED ext has been obtained, no need to submit ext form RPD-41096",,,,,,
New York (NY),S-Corp, S Corporation Franchise Tax Return,CT-3-S,https://www.tax.ny.gov/pdf/current_forms/ct/ct3s.pdf,https://www.tax.ny.gov/pdf/current_forms/ct/ct3si.pdf,,,Y,,43174, 2½ months after the end of your reporting period,43358,6 month ext,,,,,,
North Carolina (NC),S-Corp,S-Corporation Tax Return,CD-401S,http://www.zillionforms.com/2016/F512213597.PDF,https://files.nc.gov/ncdor/documents/files/2016_cd-401s_inst_s_corporation_tax_return_instructions.pdf?2UwIEXbjSdcgdAsBtAngHltVSl42T3Dl,,,Y,,43207,,43388,"15, 2018.",,,,,,
North Dakota (ND),S-Corp,S-CORPORATION INCOME TAX RETURN,60,https://www.nd.gov/tax/data/upfiles/media/form-60_1.pdf?20180111101716,https://www.nd.gov/tax/data/upfiles/media/s-corporation-income-tax-booklet_1.pdf?20180111101751,,,,,43174,,42993,,,,,,,
Ohio (OH),S-Corp,PASS-THROUGH ENTITY AND TRUST WITHHOLDING TAX RETURN,IT-1140,,,,,,,,,,,,,,,,
Oklahoma (OK),S-Corp,"Small Business Corporation_x000D_
Income and Franchise Tax Return",512S,https://www.ok.gov/tax/documents/512Spkt-17.pdf,https://www.ok.gov/tax/documents/512Spkt-17.pdf,,,,,,,,,,,,,,
Oregon (OR),S-Corp,S Corporation Tax Return,OR-20-S,http://www.oregon.gov/DOR/forms/FormsPubs/form-or-20-s_102-025_2017.pdf,http://www.oregon.gov/DOR/forms/FormsPubs/form-OR-20-S-instructions_102-018_2017.pdf,,,,,,,,,,,,,,
Pennsylvania (PA),S-Corp,S Corporation/Partnership,PA-20S/PA-65,http://www.revenue.pa.gov/FormsandPublications/FormsforBusinesses/Partnerships-S-Corps-LLCs/Documents/2016/2016_pa-20s-pa-65.pdf,http://www.revenue.pa.gov/FormsandPublications/FormsforBusinesses/Partnerships-S-Corps-LLCs/Documents/2016/2016_pa-20s-pa-65.pdf,,,Y,,43205,15th day of the fourth month following the close of the fiscal year,43358,,,,,,,
Rhode Island (RI),S-Corp,Subchapter S Business Corporation Tax Return,RI-1120S,http://www.tax.ri.gov/forms/2017/DRAFTS/Corp/RI-1120S_FFXTEST.pdf,http://www.tax.ri.gov/forms/2016/Corp/2016%20RI-1120S%20Instructions.pdf,,,,,,,,,,,,,,
South Carolina (SC),S-Corp,S' CORPORATION INCOME TAX RETURN,SC1120S,https://dor.sc.gov/forms-site/Forms/SC1120S.pdf,,,,,,,,,,,,,,,
South Dakota (SD),S-Corp,,,,,,,,,,,,,,,,,,
Tennessee (TN),S-Corp,FRANCHISE AND EXCISE TAX RETURN,FAE 170,,,,,,,,,,,,,,,,
Texas (TX),S-Corp,,,,,,,,,,,,,,,,,,
Utah (UT),S-Corp,"Partnership/Limited Liability Partnership/_x000D_
Limited Liability Company Return",TC-65,https://tax.utah.gov/forms/current/tc-65.pdf,https://tax.utah.gov/forms/current/tc-65inst.pdf,,,,,,,,,,,,,,
Vermont (VT),S-Corp,BUSINESS INCOME TAX RETURN,BI-471,,,,,,,,,,,,,,,,
Virginia (VA),S-Corp,RETURN OF INCOME AND RETURN OF NONRESIDENT WITHHOLDING TAX,502,,,,,,,,,,,,,,,,
Washington DC (DC),S-Corp,SUB CORPORATION FRANCHISE TAX RETURN,D-20,,,,,,,,,,,,,,,,
West Virginia (WV),S-Corp,Income Tax Return S Corporation & Partnership (Pass-Through Entity),SPF-100,,,,,,,,,,,,,,,,
Wisconsin (WI),S-Corp,Election by an S Corporation Not to Be Treated as a Tax-Option Corporation,5E,https://www.revenue.wi.gov/DORForms/2016-Form5E.pdf,,,,,,,,,,,,,,,
Wisconsin (WI),S-Corp,Tax-Option (S) Corporation Franchise or Income Tax,5S,https://www.revenue.wi.gov/TaxForms2017through2019/2017-Form5S.pdf,https://www.revenue.wi.gov/TaxForms2017through2019/2017-Form5S-Inst.pdf,,,,,,,,,,,,,,
Wyoming (WY),S-Corp,null,null,,,,,,,,,,,,,,,,
Idaho (ID),Trust,FIDUCIARY INCOME TAX RETURN,66,https://tax.idaho.gov/forms/EFO00036_07-10-2017.pdf,https://tax.idaho.gov/forms/EIN00044_12-20-2017.pdf,,,,,,,,,,,,,,
Kansas (KS),Trust,FIDUCIARY INCOME TAX,K-41,https://www.ksrevenue.org/pdf/k-4117.pdf#search=FIDUCIARY,,,,,,,,,,,,,,,
Missouri (MO),Trust,,,,,,,,,,,,,,,,,,
Montana (MT),Trust,,FID-3,,,,,,,,,,,,,,,,
Nebraska (NE),Trust,,,,,,,,,,,,,,,,,,
Nevada (NV),Trust,,,,,,,,,,,,,,,,,,
New Hampshire (NH),Trust,,,,,,,,,,,,,,,,,,
New Jersey (NJ),Trust,Gross Income Tax Fiduciary Return,NJ-1041,http://www.state.nj.us/treasury/taxation//pdf/current/1041.pdf,http://www.state.nj.us/treasury/taxation/pdf/current/1041i.pdf,,,Y,Depends,43205,15th day of the fourth month following the close of the tax year of the estate or trust,,"5½ month extension is automatic  with Fed ext for zero returns (if no Fed ext is filed, then ext form NJ-630 needs to be filed to obtain an ext for a state zero return) However, returns with payment due need to file ext form NJ-630 and satisfy payment of 80% requirement - (see the return instructions for detail)",,,,,,
New Mexico (NM),Trust,,FID-1,,,,,,,,,,,,,,,,
New York (NY),Trust,Fiduciary Income Tax Return,IT-205,https://www.tax.ny.gov/pdf/current_forms/it/it205_fill_in.pdf,https://www.tax.ny.gov/pdf/current_forms/it/it205i.pdf,,,Y,,43207,17th day of the fourth month following the close of the tax year (SEE INSTRUCTIONS FOR ADD'L INFO),43373,5 1/2 month ext,,,,,,
North Carolina (NC),Trust,Estates and Trusts Income Tax Return,D-407,https://files.nc.gov/ncdor/documents/files/2016_d407_estates_and_trusts_income_tax_return_webfill_0.pdf?jkyK8Vih8sYINnfBTHLG2y2hmEYzN5R8,https://files.nc.gov/ncdor/documents/files/2016_d407a_instructions_for_estates_and_trusts_income_tax_return_0.pdf?bRJsf9zsF4hnjdDlO4DyA1pz8OACumQL,,,N,,43205,,43388,6 MONTH EXT,,,,,,
North Dakota (ND),Trust,,38,https://www.nd.gov/tax/data/upfiles/media/form-38.pdf?20180111102329,https://www.nd.gov/tax/data/upfiles/media/fiduciary-income-tax-booklet.pdf?20180111102423,,,,,43207,,42993,,,,,,,
Ohio (OH),Trust,,,,,,,,,,,,,,,,,,
Oklahoma (OK),Trust,,,,,,,,,,,,,,,,,,
Oregon (OR),Trust,,,,,,,,,,,,,,,,,,
Rhode Island (RI),Trust,Fiduciary Income Tax Return,RI-1041,http://www.tax.ri.gov/forms/2016/Fiduciary/2016%20RI-1041_m.pdf,http://www.tax.ri.gov/forms/2016/Fiduciary/2016%201041%20Instructions%20Mod_11102016.pdf,,,,,,,,,,,,,,
South Carolina (SC),Trust,FIDUCIARY INCOME TAX RETURN,SC1041,https://dor.sc.gov/forms-site/Forms/SC1041_2017.pdf,,,,,,,,,,,,,,,
South Dakota (SD),Trust,,,,,,,,,,,,,,,,,,
Tennessee (TN),Trust,,,,,,,,,,,,,,,,,,
Texas (TX),Trust,,,,,,,,,,,,,,,,,,
Utah (UT),Trust,Utah Fiduciary Income Tax Return,TC-41,https://tax.utah.gov/forms/current/tc-41.pdf,https://tax.utah.gov/forms/current/tc-41inst.pdf,,,,,,,,,,,,,,
Vermont (VT),Trust,,,,,,,,,,,,,,,,,,
Virginia (VA),Trust,Fiduciary Income Tax Return,770,https://www.tax.virginia.gov/sites/default/files/taxforms/individual-income-tax/2017/770-2017.pdf,https://www.tax.virginia.gov/sites/default/files/vatax-pdf/2017-form-770-instructions.pdf,,,Y,Depends,,,,,,,,,,
Washington DC (DC),Trust,Fiduciary Income Tax Return,D-41,https://otr.cfo.dc.gov/sites/default/files/dc/sites/otr/publication/attachments/2016%20D-41%20Booklet_11.8.16.pdf,https://otr.cfo.dc.gov/sites/default/files/dc/sites/otr/publication/attachments/2016%20D-41%20Booklet_11.8.16.pdf,,,,,,,,,,,,,,
Wyoming (WY),Trust,null,null,,,,,,,,,,,,,,,,
New York City (NYC),Corporation,,,,,,,,,,,,,,,,,,
New York City (NYC),Estate,,,,,,,,,,,,,,,,,,
New York City (NYC),Exempt Organization,,,,,,,,,,,,,,,,,,
New York City (NYC),Fiduciaries,,,,,,,,,,,,,,,,,,
New York City (NYC),Franchises,,,,,,,,,,,,,,,,,,
New York City (NYC),Individual,,,,,,,,,,,,,,,,,,
New York City (NYC),LLC,,,,,,,,,,,,,,,,,,
New York City (NYC),Other,,,,,,,,,,,,,,,,,,
New York City (NYC),Partnership,,,,,,,,,,,,,,,,,,
New York City (NYC),S-Corp,,,,,,,,,,,,,,,,,,
New York City (NYC),Trust,,,,,,,,,,,,,,,,,,
