jurisdiction,entity_type,desc,name,link,instructions_link,efile_allowed,efile_required,efile_required_desc,efile_allowed_desc,dd,fiscal_dd_desc,ext_dd,fiscal_ext_dd_desc
Alabama (AL),Corporation,Corporation Â Income Tax Return,20C,https://revenue.alabama.gov/wp-content/uploads/2018/01/17f20c.pdf,https://revenue.alabama.gov/wp-content/uploads/2018/01/17f20cinstr.pdf,,,Yes,,4/15/2018,15th day of the 4th month following fiscal year end,10/15/2018,6 month ext
Alabama (AL),Corporation,Consolidated Corporate  Income Tax Return,20C-C,https://revenue.alabama.gov/wp-content/uploads/2018/01/17f20cc.pdf,https://revenue.alabama.gov/wp-content/uploads/2018/01/17f20ccinstr.pdf,,,Yes,,4/15/2018,15th day of the 4th month following fiscal year end,10/15/2018,6 month ext
Arizona (AZ),Corporation,Corporation Income Tax Return,120,https://www.azdor.gov/Portals/0/ADOR-forms/TY2017/CORP-F/FORMS_CORPORATE_2017_120_f.pdf,https://www.azdor.gov/Portals/0/ADOR-forms/TY2017/CORP-I/FORMS_CORPORATE_2017_120-i.pdf,,,yes,,4/15/2018,15th day of the 4th month following fiscal year end,4/15/2018,Due date of the return
Arizona (AZ),Corporation,Corporation Income Tax Return (Short Form),120A,https://www.azdor.gov/Portals/0/ADOR-forms/TY2017/CORP-F/FORMS_CORPORATE_2017_120A_f.pdf,https://www.azdor.gov/Portals/0/ADOR-forms/TY2017/CORP-I/FORMS_CORPORATE_2017_120A-i.pdf,,,yes,,4/15/2018,15th day of the 4th month following fiscal year end,4/15/2018,Due date of the return
Arkansas (AR),Corporation,Corporation Income Tax Retun,AR1100CT,https://www.dfa.arkansas.gov/images/uploads/incomeTaxOffice/AR1100CT_2017_RE.pdf,https://www.dfa.arkansas.gov/images/uploads/incomeTaxOffice/Corporation_Instructions_2017.pdf,,,Yes,,4/15/2018,15th day of the 4th month following fiscal year end,4/15/2018,Due date of the return
California (CA),Corporation,California Corporation Franchise or Income Tax ReturnÂ ,100,https://www.ftb.ca.gov/forms/2017/17_100.pdf#,https://www.ftb.ca.gov/forms/2017/17_100bk.pdf,,,Yes,Depends,4/15/2018,15th day of the 4th month after the close of the taxable year unless the return is for a short-period as required under R&TC Section 24634.,,"If the corporation cannot file its California tax return by the 15th day of the 4th month after the close of the taxable year, it may file on or before the 15th day of the 10th month without filing a written request for an extension unless the corporation is suspended on or after the original due date"
Colorado (CO),Corporation,C Corporation Income TaxÂ Return,112,https://www.colorado.gov/pacific/sites/default/files/112Book.pdf,https://www.colorado.gov/pacific/sites/default/files/112Book.pdf,,,yes,,4/17/2018,15 day of the fourth month after the end of your tax year,10/15/2018,6 months
Connecticut (CT),Corporation,Corporation Business Tax Return,CT-1120,http://www.ct.gov/drs/lib/drs/forms/1-2017/corporation/ct-1120_1217.pdf,http://www.ct.gov/drs/lib/drs/forms/1-2017/corporation/booklets/ct-1120_ct_corp_bus_tax_instruction_booklet_1217.pdf,,,yes,yes,5/15/2018,"If your corporation has a June 30th year end, the return is due on October 15

the due date generally will be the fifteenth day of the fifth month after the end of your corporationâ€™s year",5/15/2018,seven months for June 30 year end filers
Connecticut (CT),Corporation,Combined Corporation Business Tax Return,CT-1120CR,http://www.ct.gov/drs/lib/drs/forms/2006forms/corp/ct-1120cr.pdf,http://www.ct.gov/drs/lib/drs/forms/1-2015/corporation/ct-1120cr-inst.pdf,,,yes,,4/1/2018,Â first day of the fourth month following the end of the income year,4/1/2018,6 months
Connecticut (CT),Corporation,"Composite_x000D_
Income Tax",CT-1065,http://www.ct.gov/drs/lib/drs/forms/1-2017/composite/ct-1065_ct-1120si_1217.pdf,http://www.ct.gov/drs/lib/drs/forms/1-2017/composite/ct-1065_ct-1120si_booklet_1217.pdf,,,yes,,4/15/2018,15 day of the fourth month following the close of the taxable year,4/15/2018,"5 months, but only only if federal Form 7004, Application for Automatic Extension of Time to File Certain Business Income Tax, Information, and Other Returns, has been filed"
Connecticut (CT),Corporation,"Composite_x000D_
Income Tax",CT-1120SI,http://www.ct.gov/drs/lib/drs/forms/1-2017/composite/ct-1065_ct-1120si_1217.pdf,http://www.ct.gov/drs/lib/drs/forms/1-2017/composite/ct-1065_ct-1120si_booklet_1217.pdf,,,yes,,4/15/2018,15 day of the fourth month following the close of the taxable year,4/15/2018,"5 months, but only only if federal Form 7004, Application for Automatic Extension of Time to File Certain Business Income Tax, Information, and Other Returns, has been filed"
Delaware (DE),Corporation,CORPORATION INCOME TAX RETURN,1100,https://revenue.delaware.gov/services/current_bt/TY17_1100e.pdf,https://revenue.delaware.gov/services/current_bt/TY16_1100i.pdf,,,yes,,4/1/2018,1st day of the fourth month following the close of the taxable year,4/1/2018,"6 months, If an automatic Federal extension has been granted"
Illinois (IL),Corporation,Corporation Income and Replacement Tax Return,IL-1120,http://www.revenue.state.il.us/TaxForms/IncmCurrentYear/Business/Corporate/IL-1120.pdf,http://www.revenue.state.il.us/TaxForms/IncmCurrentYear/Business/Corporate/IL-1120-Instr.pdf,,,yes,,3/15/2018,15th day of the 3rd month following fiscal year end,,AUTOMATIC
Indiana (IN),Corporation,Corporate Adjusted Gross Income Tax Return,IT-20,"note: Indiana forms may only be downloaded - no direct URL to each form is available Â  Â  Â  Â  Â Â 
http://www.in.gov/dor/5696.htm","note: Indiana forms may only be downloaded - no direct URL to each form is available Â  Â  Â  Â  Â Â 
http://www.in.gov/dor/5696.htm",,,,,4/15/2018,15th day of the 4th month following close of the taxable year,,
Louisiana (LA),Corporation,Corporation Income Tax Return,CIFT-620,http://revenue.louisiana.gov/TaxForms/CIFT620WEB(1_16)F.pdf,http://revenue.louisiana.gov/TaxForms/CIFT620i(1_17).pdf,,,Y,,5/15/2018, 15th day of the fifth month following the close of the taxable year,11/15/2018,6 months
New Jersey (NJ),Corporation,Corporation Business Tax Return,CBT-100,http://www.state.nj.us/treasury/taxation/pdf/current/cbt/cbt100.pdf,http://www.state.nj.us/treasury/taxation/pdf/current/cbt/cbt100ins.pdf,,,Y,Y,4/17/2018,43388,10/15/2018,"6 month ext (Where a tentative return, Form CBT-200-T, and tax payment are timely and properly filed, it is the policy of the Division of Taxation to grant an extension of no more than six (6) months for filing the CBT-100)"
New Mexico (NM),Corporation,NEW MEXICO CORPORATE INCOME AND FRANCHISE TAX RETURN,CIT-1,https://www.taxformfinder.org/newmexico/form-cit-1,http://realfile.tax.newmexico.gov/2017cit-ins.pdf,,,Yes,,4/17/2018,The due dates of the CIT-1 return for the taxable year conform to the due dates instituted at the federal level,4/15/2018,"If a copy of the automatic or approved federal extension form accompanies the CIT-1 when you file, the Department accepts the extended time the IRS granted
and you do not need to file a New Mexico extension"
New York (NY),Corporation,General Business Corporation MTA Surcharge Return (The form number was previously CT-3M/4M),CT-3-M,https://www.tax.ny.gov/pdf/current_forms/ct/ct3m.pdf,https://www.tax.ny.gov/pdf/current_forms/ct/ct3mi.pdf,,,Y,,4/15/2018,3&½ months after the end of your reporting period,10/15/2018,6 month ext
North Carolina (NC),Corporation,C-Corporation Tax Return,CD-405,https://files.nc.gov/ncdor/documents/forms/cd405_8.pdf?gfPLu1JOz93z3WqTSHpWJr2SS1NlYlP9,http://ftp.zillionforms.com/Draft/2016/I512213392.PDF,,,Y,,4/17/2018,,10/15/2017,
North Dakota (ND),Corporation,Corporation Â Income Tax Return,40,https://www.nd.gov/tax/data/upfiles/media/form-40.pdf?20180111102852,https://www.nd.gov/tax/data/upfiles/media/corporate-income-tax-booklet.pdf?20180111101423,,,,,4/17/2018,,9/15/2017,
Pennsylvania (PA),Corporation,Corporate Tax Report,RCT-101,http://www.revenue.pa.gov/FormsandPublications/FormsforBusinesses/CorporationTax/Documents/rct-101_fillin.pdf,http://www.revenue.pa.gov/FormsandPublications/otherforms/Documents/2017_rev-993.pdf,,,Y,,5/15/2018,30 days after the federal due date for both calendar and fiscal year end.  Domestic Int'l Sales Companies (DISC) must file on or before 15th day of the 10th month following the close of the fiscal year.,11/15/2018,
South Carolina (SC),Corporation,C' CORPORATION INCOME TAX RETURN,SC1120,https://dor.sc.gov/forms-site/Forms/SC1120.pdf,https://dor.sc.gov/forms-site/Forms/SC1120I.pdf,,,Yes,,4/15/2018,15 day of the fourth month after the end of the tax year,4/15/2018,"If the taxpayer is not required to make a payment for tax or license fee at the time of the extension, and the taxpayer has been granted an extension of time to file a federal income tax return, it is not necessary to file a separate state extension form SC-1120-T
Attach a copy of the properly filed federal extension to the final
South Carolina return when filed.Â "
Tennessee (TN),Corporation,Franchise and Excise Tax Return,FAE 170,https://www.tn.gov/content/dam/tn/revenue/documents/forms/fae/fae170_2018.pdf,https://www.tn.gov/content/dam/tn/revenue/documents/forms/fae/fae170instr_2018.pdf,,,Yes,,4/15/2018,15th day of the 4th month following the close of your books and records ,4/15/2018,"6 months - If you are not required to make a payment because you have already made sufficient payments on or before the original due date, filing extension form (FAE 173) is not required"
Utah (UT),Corporation,Franchise and Income Tax Return,TC-20,https://tax.utah.gov/forms/current/tc-20.pdf,https://tax.utah.gov/forms/current/tc-20inst.pdf,,,Yes,,4/15/2018,15th day of the fourth month following the close of the taxable year ,4/15/2018,"6 month - Corporations are automatically allowed an extension of up to six months to fi le a return without fi ling an extension form.
Corporations must make estimated prepayments using form
TC-559"
Virginia (VA),Corporation,"Corporation_x000D_
 Income Tax Return",500,https://www.tax.virginia.gov/sites/default/files/taxforms/corporation-and-pass-through-entity-tax/2017/500-2017.pdf,https://www.tax.virginia.gov/sites/default/files/vatax-pdf/2017-form-500-instructions.pdf,,,Y,Y,4/15/2018,15th day of the 4th month (15th day of the 6th month for nonprofit corporations),11/15/2018,7 month ext (and must pay at least 90% of the tax due by the original due date for filing the return)
Washington DC (DC),Corporation,"Corporation_x000D_
Franchise Tax Return",D-20,https://otr.cfo.dc.gov/sites/default/files/dc/sites/otr/publication/attachments/2016%20D-20_Booklet.pdf,https://otr.cfo.dc.gov/sites/default/files/dc/sites/otr/publication/attachments/2016%20D-20_Booklet.pdf,,,y,,4/17/2018,"6 month - 15th day of the fourth month after the tax year closesÂ 

15th day of the fourth month after the tax year closes",10/15/2018,"6 month
 7-month extension of time to file if you are a Combined Reporting filer"
West Virginia (WV),Corporation,Corporate Income Tax Return,CNF-120,https://tax.wv.gov/Documents/TaxForms/2017/cnf120.pdf,https://tax.wv.gov/Documents/TaxForms/2017/cnf120.instructions.pdf,,,Yes,Depends,4/17/2018,15th day of the fourth month following the end of the period,10/15/2018,6 month -Â An extension of time to file a federal return is automatically accepted by West Virginia as an extension of time to file the West Virginia return. A copy of the federal extension form must be attached to the West Virginia return when filed and the extended due date must be entered on top of the return
Wisconsin (WI),Corporation,Non-Combined Corporation Franchise or Income Tax Return,4,https://www.revenue.wi.gov/TaxForms2017through2019/2017-Form4.pdf,https://www.revenue.wi.gov/TaxForms2017through2019/2017-Form4-Inst.pdf,,,Yes,y,4/15/2018,Fiscal year ending June 30 are due the 15th day of the 3rd month after the close of the taxable year (September 15).,4/15/2018,7 month - Wisconsin law provides for an automatic 7 month extension to file the return
Arizona (AZ),Exempt Organization,Exempt Organization Annual Information Return,99,https://www.azdor.gov/Portals/0/ADOR-forms/TY2017/CORP-F/FORMS_EXEMPTORGS_2017_99_f.pdf,https://www.azdor.gov/Portals/0/ADOR-forms/TY2017/CORP-I/FORMS_EXEMPTORGS_2017_99-i.pdf,,,,,5/15/2018,15th day of the 5th month following fiscal year end,5/15/2018,Due date of the return
Arizona (AZ),Exempt Organization,Exempt Organization Business Income Tax Return,99T,https://www.azdor.gov/Portals/0/ADOR-forms/TY2017/CORP-F/FORMS_EXEMPTORGS_2017_99T_f.pdf,https://www.azdor.gov/Portals/0/ADOR-forms/TY2017/CORP-I/FORMS_EXEMPTORGS_2017_99T-i.pdf,,,,,5/15/2018,15th day of the 5th month following fiscal year end,5/15/2018,Due date of the return
Arkansas (AR),Exempt Organization, Application for Income Tax Exempt Status,AR1023CT,https://www.dfa.arkansas.gov/images/uploads/incomeTaxOffice/AR1023CT_2017_RE.pdf,https://www.dfa.arkansas.gov/images/uploads/incomeTaxOffice/Corporation_Instructions_2017.pdf,,,,,5/15/2018,15th day of the 5th month (Exempt organizations),,"If you have received an automatic Federal extension
(Form 7004), the time for filing your Arkansas Corporation
Income Tax Return shall be extended until the due date of
your federal return"
California (CA),Exempt Organization,Exempt Organization Business Income Tax ReturnÂ ,109,https://www.ftb.ca.gov/forms/2017/17_109.pdf,https://www.ftb.ca.gov/forms/2017/17_109bk.pdf,,,Yes,Depends,5/15/2018,15th day of the 5th month following the close of the taxable year,,"Â the exempt organization has an additional six months to file ithout filing a written request for xtension, If Form 199 cannot be filed by the 15th day of the 5th month after the accounting period ends"
California (CA),Exempt Organization,Exempt Organization - Annual Information ReturnÂ ,199,https://www.ftb.ca.gov/forms/2017/17_199.pdf,https://www.ftb.ca.gov/forms/2016/16_199ins.pdf,,,Yes,Depends,5/15/2018,15th day of the 5th month after the accounting period ends,,"Â the exempt organization has an additional six months to file ithout filing a written request for xtension, If Form 199 cannot be filed by the 15th day of the 5th month after the accounting period ends"
Delaware (DE),Exempt Organization,Information Return / Holding Company / Investment Company,1902(B),https://revenue.delaware.gov/services/current_bt/1902b.pdf,https://revenue.delaware.gov/services/current_bt/1902b.pdf,,,,,4/15/2018,15 day of the fourth month ,4/15/2018,6 monthsÂ  with the FED ext
Illinois (IL),Exempt Organization,Exempt Organization Income and Replacement Tax Return,IL-990-T,http://www.revenue.state.il.us/TaxForms/IncmCurrentYear/Business/TaxExempt/IL-990-T.pdf,http://www.revenue.state.il.us/TaxForms/IncmCurrentYear/Business/TaxExempt/IL-990-T-Instr.pdf,,,,,5/15/2018,15th day of the 5th month (4th month of employee trusts) following fiscal year end,,AUTOMATIC
Indiana (IN),Exempt Organization,Nonprofit Organization Unrelated Business Income Tax Return,IT-20NP,https://www.in.gov/dor/5696.htm,https://www.in.gov/dor/5696.htm,,,,,5/15/2018,15th day of the 5th month following close of the taxable year,,
Indiana (IN),Exempt Organization,Nonprofit Organization's Annual Report,NP-20,http://www.in.gov/dor/3506.htm,,,,,,5/15/2018,15th day of the 5th month following close of the taxable year,,
Arizona (AZ),Fiduciaries,Fiduciary Income Tax Return,141AZ,https://www.azdor.gov/Portals/0/ADOR-forms/TY2017/FIDU-F/FORMS_FIDUCIARY_2017_141AZ-f.pdf,https://www.azdor.gov/Portals/0/ADOR-forms/TY2017/FIDU-I/FORMS_FIDUCIARY_2017_141AZ-i.pdf,,,Yes,,4/15/2018,15th day of the 4th month following fiscal year end,4/15/2018,Due date of the return
Arkansas (AR),Fiduciaries,FIDUCIARY INCOME TAX RETURN,AR1002F,https://www.dfa.arkansas.gov/images/uploads/incomeTaxOffice/AR1002FFidITRet.pdf,https://www.dfa.arkansas.gov/images/uploads/incomeTaxOffice/FidTaxInst.pdf,,,Yes,,4/15/2018,15th day of the 4th month following fiscal year end,4/15/2018,"15th day of the 4th month following the fiscal year end (if you file a FED Feduciary ext, then the AR ext is automatic)"
Arkansas (AR),Fiduciaries,Fiduciary Income Tax Return - Nonresident,AR1002NR,https://www.dfa.arkansas.gov/images/uploads/incomeTaxOffice/AR1002NRNonResidentFidITRet.pdf,https://www.dfa.arkansas.gov/images/uploads/incomeTaxOffice/FidTaxInst.pdf,,,Yes,,4/15/2018,15th day of the 4th month following fiscal year end,4/15/2018,"15th day of the 4th month following the fiscal year end (if you file a FED Feduciary ext, then the AR ext is automatic)"
Colorado (CO),Fiduciaries,Fiduciary Income Tax Filing,105,http://www.zillionforms.com/2016/F512213499.PDF,https://www.colorado.gov/pacific/sites/default/files/105Book.pdf,,,Yes,,4/17/2018,15  day of the fourth month after the end of your tax year,10/15/2018,6 months
Connecticut (CT),Fiduciaries,"Income Tax Return for Trusts and Estates for Residents, nonresidents, and part-year residents",CT-1041,http://www.ct.gov/drs/lib/drs/forms/1-2016/trustandestates-1041/ct-1041.pdf,http://www.ct.gov/drs/lib/drs/forms/1-2017/trustandestates/ct-1041_booklet_1217.pdf,,,yes,,4/15/2018,,4/15/2018,"5-1/2 months,  if a federal Form 7004, Application for Automatic Extension of Time to File Certain Business Income, Information, and Other Returns, has been filed."
Illinois (IL),Fiduciaries,Fiduciary Income and Replacement Tax Return,IL-1041,http://www.revenue.state.il.us/TaxForms/IncmCurrentYear/Business/Fiduciary/IL-1041.pdf,http://www.revenue.state.il.us/TaxForms/IncmCurrentYear/Business/Fiduciary/IL-1041-Instr.pdf,,,,,4/15/2018,15th day of the 4rd month following fiscal year end,,AUTOMATIC
Louisiana (LA),Fiduciaries,Fiduciary Income Tax Return,IT-541,http://revenue.louisiana.gov/TaxForms/IT541(1_17)F.pdf,http://revenue.louisiana.gov/TaxForms/IT541i(1_17).pdf,,,Y,,5/15/2018,15th day of the fifth month after the close of the fiscal period,11/15/2018,"6 months; Louisiana will recognize and accept the federal extension authorizing the same extended due date as the federal; IF NO FED EXT WAS FILED, FORM R-6466 NEEDS TO BE USED) link: http://revenue.louisiana.gov/VendorForms/6466(1_12).pdf"
Missouri (MO),Fiduciaries,Fiduciary Income Tax Return,MO-1041,http://dor.mo.gov/forms/MO-1041_2017.pdf,http://dor.mo.gov/forms/MO-1041_2017.pdf,,,Yes,,4/17/2018,15th day of the fourth month following the close of their taxable year,4/15/2018,"You are not required to file an extension if you do not expect to owe additional Missouri fiduciary tax or if you anticipate receiving a refund. If you wish to file a Missouri extension, and do not expect to owe Missouri fiduciary tax, you may file an extension by filing Form MO-60, Application 
for Extension of Time to File; 

If you receive an extension of time to file your federal fiduciary tax return, you will automatically be granted an extension of time to file your Missouri fiduciary tax return, provided you do not expect to owe any additional Missouri fiduciary tax. Attach a copy of your federal extension Â (Federal Form 7004) with your Missouri fiduciary tax return when you file."
Alabama (AL),Fiduciaries,Fiduciary Income Tax Return,41,https://revenue.alabama.gov/wp-content/uploads/2018/01/17f41.pdf,https://revenue.alabama.gov/wp-content/uploads/2018/01/17f41instr.pdf,,,Yes,,4/15/2018,15th day of the 4th month following fiscal year end,9/15/2018,5 month ext
Montana (MT),Fiduciaries,Fiduciary Income Tax Return,FID-3,https://app.mt.gov/myrevenue/Endpoint/DownloadPdf?yearId=808,https://app.mt.gov/myrevenue/Endpoint/DownloadPdf?yearId=808,,,Yes,,4/17/2018,15th day of the 4th month following the end of the tax year ,4/15/2018,"6 month - Beginning with tax year 2017, the estate or trust is granted an automatic extension of time to file of up to six months. 
"
New Hampshire (NH),,Business Enterprise Tax Return,BET,https://www.revenue.nh.gov/forms/2018/documents/bet-2017-print.pdf,https://www.revenue.nh.gov/forms/2018/documents/bet-general-instructions-2017.pdf,,,,,4/15/2018,15th day of the fourth month following the close of the fiscal year end,,7 months
New Jersey (NJ),Fiduciaries,Gross Income Tax Fiduciary Return,NJ-1041,http://www.state.nj.us/treasury/taxation//pdf/current/1041.pdf,http://www.state.nj.us/treasury/taxation/pdf/current/1041i.pdf,,,y,Depends,4/15/2018,15th day of the fourth month following the close of the tax year of the estate or trust,,"Â 5Â½-month extension; extension is automatic Â with Fed ext for zero returns and if amount due, at least 80% of it was paid off; (if no Fed ext is filed, then ext form NJ-630 needs to be filed to obtain an ext for both zero returns and for returns with payment due Â satisfying the at least 80% requirement to be paid off - (see the return instructions for detail)"
New Jersey (NJ),Fiduciaries,Gross Income Tax Fiduciary Return,NJ-1041,http://www.state.nj.us/treasury/taxation//pdf/current/1041.pdf,http://www.state.nj.us/treasury/taxation/pdf/current/1041i.pdf,,,Y,Depends,4/15/2018,15th day of the fourth month following the close of the tax year of the estate or trust,,"5Â½ month extension is automatic Â with Fed ext for zero returns (if no Fed ext is filed, then ext form NJ-630 needs to be filed to obtain an ext for a state zero return) However, returns with payment due need to file ext form NJ-630 and satisfy payment of 80% requirement - (see the return instructions for detail)"
New York (NY),Fiduciaries,Fiduciary Income Tax Return,IT-205,https://www.tax.ny.gov/pdf/current_forms/it/it205_fill_in.pdf,https://www.tax.ny.gov/pdf/current_forms/it/it205i.pdf,,,Y,,4/17/2018,15th day of the fourth month following the close of the tax year (SEE INSTRUCTIONS FOR ADD'L INFO),9/30/2018,5 1/2 month ext
New York (NY),Fiduciaries,Fiduciary Income Tax Return,IT-205,https://www.tax.ny.gov/pdf/current_forms/it/it205_fill_in.pdf,https://www.tax.ny.gov/pdf/current_forms/it/it205i.pdf,,,Y,,4/17/2018,16th day of the fourth month following the close of the tax year (SEE INSTRUCTIONS FOR ADD'L INFO),9/30/2018,5 1/2 month ext
North Carolina (NC),Fiduciaries,Estates and Trusts Income Tax Return,D-407,https://files.nc.gov/ncdor/documents/files/2016_d407_estates_and_trusts_income_tax_return_webfill_0.pdf?jkyK8Vih8sYINnfBTHLG2y2hmEYzN5R8,https://files.nc.gov/ncdor/documents/files/2016_d407a_instructions_for_estates_and_trusts_income_tax_return_0.pdf?bRJsf9zsF4hnjdDlO4DyA1pz8OACumQL,,,N,,4/17/2018,15th day of the fourth month following the end of the fiscal year,10/15/2018,6 MONTH EXT
North Carolina (NC),Fiduciaries,Estates and Trusts Income Tax Return,D-407,https://files.nc.gov/ncdor/documents/files/2016_d407_estates_and_trusts_income_tax_return_webfill_0.pdf?jkyK8Vih8sYINnfBTHLG2y2hmEYzN5R8,https://files.nc.gov/ncdor/documents/files/2016_d407a_instructions_for_estates_and_trusts_income_tax_return_0.pdf?bRJsf9zsF4hnjdDlO4DyA1pz8OACumQL,,,N,,4/17/2018,,10/15/2018,6 MONTH EXT
North Dakota (ND),Fiduciaries,,38,https://www.nd.gov/tax/data/upfiles/media/form-38.pdf?20180111102329,https://www.nd.gov/tax/data/upfiles/media/fiduciary-income-tax-booklet.pdf?20180111102423,,,,,4/17/2018,,9/15/2017,
North Dakota (ND),Fiduciaries,Fiduciary Income Tax Return,38,https://www.nd.gov/tax/data/upfiles/media/form-38.pdf?20180111102329,https://www.nd.gov/tax/data/upfiles/media/fiduciary-income-tax-booklet.pdf?20180111102423,,,,,4/15/2018,15th day of the 4th month following year end,9/15/2017,
Pennsylvania (PA),Fiduciaries,Fiduciary Income Tax Return,PA-41,http://www.revenue.pa.gov/FormsandPublications/FormsforIndividuals/PIT/Documents/2016/2016_pa-41.pdf,https://www.tax-brackets.org/pennsylvaniataxforms/form-pa-41,,,Y,,4/15/2018,15th day of the fourth month following the close of the fiscal year,9/30/2018,
Rhode Island (RI),Fiduciaries,Fiduciary Income Tax Return,RI-1041,http://www.tax.ri.gov/forms/2017/Fiduciary/2017%20RI-1041_m.pdf,http://www.tax.ri.gov/forms/2017/Fiduciary/2017%201041%20Instructions.pdf,,,no,null,4/15/2018,15th day of the fourth month following the close of the taxable year,4/15/2018,"5 1/2 Â month - If no payment is required to be made with Form RI-8736 and the fiduciary is filing a Federal Form 7004 for the same period of time, the fiduciary does not need to submit Form RI-8736."
Tennessee (TN),Fiduciaries,Individual Income Tax Return,INC 250,https://www.tn.gov/content/dam/tn/revenue/documents/forms/income/inc250_2017.pdf,instructions included with form,,,Yes,,4/15/2018,15 day of the fourth month following the fiscal year end,4/15/2018,Due date of the return
Utah (UT),Fiduciaries,Fiduciary Income Tax Return,TC-41,https://tax.utah.gov/forms/current/tc-41.pdf,https://tax.utah.gov/forms/current/tc-41inst.pdf,,,yes,null,4/17/2018,15th day of the fourth month after the fi scal year ends,4/15/2018,You automatically get an extension of up to six months to file your return. No extension form is required to be fi led. 
Vermont (VT),Fiduciaries,Fiduciary Return of Income,FIT-161,http://tax.vermont.gov/sites/tax/files/documents/FIT-161.pdf,http://tax.vermont.gov/sites/tax/files/documents/FIT-161%20Instr.pdf,,,Y,,4/15/2018,15th day of the fourth month following the close of the operating or income year,4/15/2018,5 1/2 month
Virginia (VA),Fiduciaries,Fiduciary Income Tax Return,770,https://www.tax.virginia.gov/sites/default/files/taxforms/individual-income-tax/2017/770-2017.pdf,https://www.tax.virginia.gov/sites/default/files/vatax-pdf/2017-form-770-instructions.pdf,,,Y,yes,5/1/2018, Fiscal year returns are due to no later than the 15th day of the 4th month following the close of the taxable year,5/1/2018,6 month site: https://www.tax.virginia.gov/sites/default/files/taxforms/individual-income-tax/2017/770ip-2017.pdf
Washington DC (DC),Fiduciaries,Fiduciary Income Tax Return,D-41,https://otr.cfo.dc.gov/sites/default/files/dc/sites/otr/publication/attachments/2016%20D-41%20Booklet_11.8.16.pdf,https://otr.cfo.dc.gov/sites/default/files/dc/sites/otr/publication/attachments/2016%20D-41%20Booklet_11.8.16.pdf,,,y,,4/17/2018,15th day of the fourth month after the end of the fiscal year.,4/17/2018,6 months
West Virginia (WV),Fiduciaries,Fiduciary income tax for estates or trusts,IT-141,http://tax.wv.gov/Documents/TaxForms/2017/it141.pdf,http://tax.wv.gov/Documents/TaxForms/2017/it141.instructions.pdf,,,Yes,,4/15/2018,15th day of the fourth month following the close of the taxable year,4/15/2018,Any estate or trust granted an extension of time to file their federal return is granted the same extension of time to file their West Virginia return.
Wisconsin (WI),Fiduciaries,Fiduciary income tax for estates or trusts,2,https://www.revenue.wi.gov/TaxForms2017through2019/2017-Form2.pdf,https://www.revenue.wi.gov/TaxForms2017through2019/2017-Form2-inst.pdf,,,Yes,,4/17/2018,15th day of the 4th month after the close of the taxable year ,4/15/2018,"6 month - If you have an extension for filing your federal return, this automatically gives you a Wisconsin extension provided you"
Alabama (AL),Franchises,Alabama Business Privelege Tax Return and Annual Report,"CPT, PPT",https://revenue.alabama.gov/wp-content/uploads/2017/05/17fcptblk-1.pdf,https://revenue.alabama.gov/wp-content/uploads/2017/05/17fcptinstr.pdf,,,,,3/15/2018,15th day of the 3rd month following fiscal year end,3/15/2018,Due date of the return
Louisiana (LA),Franchises,Corporation Franchise Tax Initial Return,R-6906A (INITIAL YEAR),http://revenue.louisiana.gov/TaxForms/6906A(1_17)F%20Scripted.pdf,http://revenue.louisiana.gov/TaxForms/6906A(1_17)F%20Scripted.pdf,,,Y,,5/15/2018, 15th day of the fifth month following the close of the taxable year,11/15/2018,6 months
Louisiana (LA),Franchises,Corporation Franchise Tax Return,CIFT-620-SD (SUBSEQUENT YERS),https://www.pdffiller.com/jsfiller-desk/?projectId=153525988&expId=2933&expBranch=1#02fe32839c1a46058adbf5011fae4e2d,http://revenue.louisiana.gov/TaxForms/CIFT620i(1_17).pdf,,,Y,,5/15/2018, 15th day of the fifth month following the close of the taxable year,11/15/2018,6 months
New York (NY),Franchises,General Business Corporation Franchise Tax Return,CT-3,https://www.tax.ny.gov/pdf/current_forms/ct/ct3.pdf,https://www.tax.ny.gov/pdf/current_forms/ct/ct3i.pdf,,,Y,,4/17/2018,3Â½ months after the end of your reporting period,10/15/2018,6 month ext
Alabama (AL),Individual,Individual Income Tax Return (Residents & Part-Year Residents),40,https://revenue.alabama.gov/wp-content/uploads/2017/08/16f40blk.pdf,https://revenue.alabama.gov/wp-content/uploads/2017/08/16f40bk.pdf,,,Yes,Depends,4/15/2018,,10/15/2018, 
Alabama (AL),Individual,Individual Income Tax Return (Full Year Residents),40A,https://revenue.alabama.gov/wp-content/uploads/2017/08/16f40ablk.pdf,https://revenue.alabama.gov/wp-content/uploads/2017/08/16f40abk-1.pdf,,,,,4/15/2018,,10/15/2018,6 month ext
Alabama (AL),Individual,Nonresident Income Tax Return,40NR,https://revenue.alabama.gov/wp-content/uploads/2017/08/16f40nrblk.pdf,https://revenue.alabama.gov/wp-content/uploads/2017/08/16f40nrbk.pdf,,,,,4/15/2018,,10/15/2018,6 month ext
Arizona (AZ),Individual,Resident Personal Income Tax Return,140,https://www.azdor.gov/Portals/0/ADOR-forms/TY2017/INDIV-F/FORMS_INDIVIDUAL_2017_140.pdf,https://www.azdor.gov/Portals/0/ADOR-forms/TY2017/INDIV-I/FORMS_INDIVIDUAL_2017_140-i.pdf,,,,,4/15/2018,,4/15/2018,Due date of the return
Arizona (AZ),Individual,Resident Personal Income Tax Return (short form),140A,https://www.azdor.gov/Portals/0/ADOR-forms/TY2017/INDIV-F/FORMS_INDIVIDUAL_2017_140A.pdf,https://www.azdor.gov/Portals/0/ADOR-forms/TY2017/INDIV-I/FORMS_INDIVIDUAL_2017_140A-i.pdf,,,,,4/15/2018,,4/15/2018,Due date of the return
Arizona (AZ),Individual,Nonresident Personal Income Tax Return,140NR,https://www.azdor.gov/Portals/0/ADOR-forms/TY2017/INDIV-F/FORMS_INDIVIDUAL_2017_140NR.pdf,https://www.azdor.gov/Portals/0/ADOR-forms/TY2017/INDIV-I/FORMS_INDIVIDUAL_2017_140NR-i.pdf,,,,,4/15/2018,,4/15/2018,Due date of the return
Arizona (AZ),Individual,Part-Year Resident Personal Income Tax Return,140PY,https://www.azdor.gov/Portals/0/ADOR-forms/TY2017/INDIV-F/FORMS_INDIVIDUAL_2017_140PY.pdf,https://www.azdor.gov/Portals/0/ADOR-forms/TY2017/INDIV-I/FORMS_INDIVIDUAL_2017_140PY-i.pdf,,,,,4/15/2018,,4/15/2018,Due date of the return
Arizona (AZ),Individual,Individual Amended Return Form,140X,https://www.azdor.gov/Portals/0/ADOR-forms/TY2017/INDIV-F/FORMS_INDIVIDUAL_2017_140X-f.pdf,https://www.azdor.gov/Portals/0/ADOR-forms/TY2017/INDIV-I/FORMS_INDIVIDUAL_2017_140X-i.pdf,,,,,4/15/2018,,4/15/2018,Due date of the return
Arkansas (AR),Individual,INDIVIDUAL INCOME TAX RETURN - Full Year Resident,AR1000F,https://www.dfa.arkansas.gov/images/uploads/incomeTaxOffice/AR1000FFullYearResidentIndIncTaxRet.pdf,https://www.dfa.arkansas.gov/images/uploads/incomeTaxOffice/AR1000FandAR1000NRInstructions.pdf,,,,,4/15/2018,three and one-half (3 Â½) months following the close of the income year ,10/15/2018,"One hundred and eighty (180) days (6 mos), extending the due date until October 15th"
Arkansas (AR),Individual,INDIVIDUAL INCOME TAX RETURN - Nonresident and Part Year Resident,AR1000NR,https://www.dfa.arkansas.gov/images/uploads/incomeTaxOffice/AR1000NRPartYearorNonResidentIITRet.pdf,https://www.dfa.arkansas.gov/images/uploads/incomeTaxOffice/AR1000FandAR1000NRInstructions.pdf,,,,,4/15/2018,three and one-half (3 Â½) months following the close of the income year ,10/15/2018,"One hundred and eighty (180) days (6 mos), extending the due date until October 15th"
Arkansas (AR),Individual,INDIVIDUAL INCOME TAX RETURN - Full Year Resident/Short Form,AR1000S,https://www.dfa.arkansas.gov/images/uploads/incomeTaxOffice/AR1000S_2014_RE.pdf,https://www.dfa.arkansas.gov/images/uploads/incomeTaxOffice/AR1000SInstructions.pdf,,,,,4/15/2018,,10/15/2018,6 month extensiion is Automatic with Federal Extension
California (CA),Individual,Resident Income Tax Return,540,https://www.ftb.ca.gov/forms/2017/17_540.pdf#,https://www.ftb.ca.gov/forms/2016/16_540ins.pdf,,,Yes,Depends,4/15/2018,8879,10/15/2018,California e-file Return Authorization for IndividualsÂ 
California (CA),Individual,California Resident Income Tax ReturnÂ ,540-2EZ,https://www.ftb.ca.gov/forms/2017/17_5402ezm.pdf#,https://www.ftb.ca.gov/forms/2017/17_5402ezins.pdf,,,Yes,Depends,4/15/2018,8879,10/15/2018,California e-file Return Authorization for IndividualsÂ 
California (CA),Individual,California Nonresident or Part-Year Resident Income Tax Return (Long)Â ,540-NR (Long),https://www.ftb.ca.gov/forms/2017/17_540nrlong.pdf,https://www.ftb.ca.gov/forms/2016/16_540nrlongins.pdf,,,Yes,Depends,4/15/2018,8879,10/15/2018,California e-file Return Authorization for IndividualsÂ 
California (CA),Individual,California Nonresident or Part-Year Resident Income Tax Return (Short)Â ,540-NR (Short),https://www.ftb.ca.gov/forms/2017/17_540nrshort.pdf,https://www.ftb.ca.gov/forms/2016/16_540nrshortins.pdf,,,Yes,Depends,4/15/2018,8879,10/15/2018,California e-file Return Authorization for IndividualsÂ 
Colorado (CO),Individual,"Individual Income Tax Return (Full Year, Part Year, and Non-Resident)",104,https://www.colorado.gov/pacific/sites/default/files/104Book.pdf,https://www.colorado.gov/pacific/sites/default/files/104Book.pdf,,,Yes,,4/17/2018,,4/17/2018,6-month extension
Connecticut (CT),Individual,Resident Income Tax Return,CT-1040,http://www.ct.gov/drs/lib/drs/forms/1-2017/income/ct-1040_form_w_1217.pdf,http://www.ct.gov/drs/lib/drs/forms/1-2017/income/booklets/ct-1040_online_instruction_booklet_1217.pdf,,,Yes,,4/17/2018,15 day of the fourth month following the close of your taxable year.,4/17/2018,"6 months; zero returns are Automatic with Fed return; however, if payment is due, then form ct-1040 ext needs to be filed"
Connecticut (CT),Individual,Non-resident/Part-Year Resident Tax Return,CT-1040NR/PY,http://www.ct.gov/drs/lib/drs/forms/1-2017/income/ct-1040nrpy_form_w_1217.pdf,http://www.ct.gov/drs/lib/drs/forms/1-2017/income/booklets/ct-1040nrpy_online_instruction_booklet_1217.pdf,,,yes,,4/15/2018,15 day of the fourth month following the close of your taxable year. ,4/15/2018,"6 months; zero returns are Automatic with Fed return; however, if payment is due, then form ct-1040 ext needs to be filed"
Delaware (DE),Individual,Individual Non-Resident Income Tax Return,200-02 NR,https://revenue.delaware.gov/services/current_pit/TY17_200-02e.pdf,https://revenue.delaware.gov/services/current_pit/TY17_instructions_nr.pdf,,,,,4/30/2018, 30 day of the fourth month following the close of their taxable year,4/30/2018,6 months
Georgia (GA),Individual,Individual income Tax Return ,500,https://dor.georgia.gov/sites/dor.georgia.gov/files/related_files/document/TSD/Form/500_2017_Individual_Income_Tax-Return.pdf,https://dor.georgia.gov/sites/dor.georgia.gov/files/related_files/document/TSD/Form/500_2017_Individual_Income_Tax-Return.pdf,,,Yes,Depends,4/17/2018,,,
Hawaii (HI),Individual,Individual Income Tax Return - Resident,N-11,http://files.hawaii.gov/tax/forms/2016/n11_b.pdf,http://files.hawaii.gov/tax/forms/2017/n11ins.pdf,,,Yes,,4/20/2018,,4/20/2018,
Illinois (IL),Individual,Individual Income Tax Return,IL-1040,http://www.revenue.state.il.us/TaxForms/IncmCurrentYear/Individual/IL-1040.pdf,http://www.revenue.state.il.us/TaxForms/IncmCurrentYear/Individual/IL-1040-Instr.pdf,,,,,4/15/2018,,,AUTOMATIC
Louisiana (LA),Individual,Resident,IT-540,http://revenue.louisiana.gov/TaxForms/IT540-WEB(2016)F.pdf,http://revenue.louisiana.gov/TaxForms/IT540i(2016).pdf,,, 15th day of the fifth month following the close of the taxable year,N/A,5/15/2018,15th day of the fifth month after the close of the taxable year,11/15/2018,6 months
Louisiana (LA),Individual,Nonresident and Part-Year Resident,IT-540B,http://revenue.louisiana.gov/TaxForms/IT540B-WEB(2016)F.pdf,http://revenue.louisiana.gov/TaxForms/IT540Bi(2016).pdf,,,Y,,5/15/2018,15th day of the fifth month after the close of the taxable year,11/15/2018,6 months
New Jersey (NJ),Individual,Income tax-Resident Return,NJ-1040,https://wwwc.fileyourtaxes.com/www13/cgi-bin/static/displayBlankPDF.pl?form=NJ-F1040.pdf&year=2016,http://www.state.nj.us/treasury/taxation/pdf/current/1040i.pdf,,,Y,Depends,4/15/2018,15th day of the fourth month following the close of the fiscal year,10/15/2018,"6 month extension; extension is automatic Â with Fed ext for zero returns and if amount due, at least 80% of it was paid off; (if no Fed ext is filed, then ext form NJ-630 needs to be filed to obtain an ext for for both zero returns and for returns with payment due Â satisfying the at least 80% requirement to be paid off - (see the return instructions for detail)"
New Jersey (NJ),Individual,Income Tax-Nonresident Return,NJ-1040NR,http://www.state.nj.us/treasury/taxation/pdf/current/1040nr.pdf,http://www.state.nj.us/treasury/taxation/pdf/current/1040nri.pdf,,,Y,Depends,4/15/2018,15th day of the fourth month following the close of the fiscal year,10/15/2018,"6 month ext; extension is automatic Â with Fed ext for zero returns and if amount due, at least 80% of it was paid off; (if no Fed ext is filed, then ext form NJ-630 needs to be filed to obtain an ext for for both zero returns and for returns with payment due Â satisfying the at least 80% requirement to be paid off - (see the return instructions for more detail)"
New York (NY),Individual,"Nonresident and Part-Year Resident
Income Tax ReturnÂ ",IT-203 (NON-RESIDENT),https://www.tax.ny.gov/pdf/current_forms/it/it203.pdf?_ga=2.216956950.1824729858.1515595587-422374619.1515170541,https://www.tax.ny.gov/pdf/current_forms/it/it203i.pdf?_ga=2.225396762.1824729858.1515595587-422374619.1515170541,,,Y,,4/17/2018,"6/15/2018 is the dateÂ by which you must file your 2017 New York State income tax return if you qualify to file your federal income tax return on June 15, 2018, because:
1) you are a U.S. citizen or resident alien and live outside the U.S. and Puerto Rico and your main place of business or post of duty is outside the U.S. and Puerto Rico, or
2) you are in the military service outside the U.S. and Puerto Rico when your 2017 return is due. The time to pay your New York State, New York City and Yonkers income tax, and any New York State or local sales or use tax is similarly automatically extended. 
(SEE ADDITONAL EXCEPTIONS ON THEINSTRUCTIONS)",10/15/2018,6 month ext
New York (NY),Individual,INDIVIDUAL INCOME TAX RETURN,IT-201,https://www.tax.ny.gov/pdf/current_forms/it/it201_fill_in_2d.pdf,https://www.tax.ny.gov/pdf/current_forms/it/it201i.pdf?_ga=2.23944762.1824729858.1515595587-422374619.1515170541,,,Y,,4/17/2018,"6/15/2018 is the dateÂ by which you must file your 2017 New York State income tax return if you qualify to file your federal income tax return on June 15, 2018, because:
1) you are a U.S. citizen or resident alien and live outside the U.S. and Puerto Rico and your main place of business or post of duty is outside the U.S. and Puerto Rico, or
2) you are in the military service outside the U.S. and Puerto Rico when your 2017 return is due. The time to pay your New York State, New York City and Yonkers income tax, and any New York State or local sales or use tax is similarly automatically extended. 
(SEE ADDITONAL EXCEPTIONS ON THEINSTRUCTIONS)",10/15/2018,6 month ext
North Carolina (NC),Individual,INDIVIDUAL INCOME TAX RETURN,D-400,https://files.nc.gov/ncdor/documents/files/2017_d-400_webfill.pdf?H8oYuS.8qxmD9eV9vjTpW3OWE.1QMwlm,https://files.nc.gov/ncdor/documents/files/2017_d-401_0.pdf?_1yW7DBUz_FrA0h_WE4WRXlR2e_7PGo9,,,Y,,4/17/2018,,10/15/2018,"If you are out of the country and unable to file your income tax return within the automatic 4 month_x000D_
extension period, an additional two month (2) extension may be obtained by filling in the circle at the_x000D_
bottom right of Form D-410. To receive the additional 2 month extension, file Form D-410 by August_x000D_
15, 2018."
North Dakota (ND),Individual,INDIVIDUAL INCOME TAX RETURN,ND-1,http://www.nd.gov/tax/data/upfiles/media/form-nd-1.pdf?20180108081133,http://www.nd.gov/tax/data/upfiles/media/individual-income-tax-booklet.pdf?20180108081102,,,,,4/17/2018,,10/15/2018,
Pennsylvania (PA),Individual,Income Tax Return,PA-40,http://www.revenue.pa.gov/FormsandPublications/FormsforIndividuals/PIT/Documents/2016/2016_pa-40.pdf,http://www.revenue.pa.gov/FormsandPublications/FormsforIndividuals/PIT/Documents/2016/2016_pa-40in.pdf,,,Y,,4/15/2018,null,10/15/2018,
Pennsylvania (PA),Individual,Nonresident Consolidated Income Tax Return,PA-40 NRC,http://www.revenue.pa.gov/FormsandPublications/FormsforBusinesses/Partnerships-S-Corps-LLCs/Documents/2016/2016_pa-40nrc.pdf,http://www.zillionforms.com/2016/I703080955.PDF,,,Y,,4/15/2018,null,10/15/2018,
California (CA),LLC,Limited Liability Company Return of IncomeÂ ,568,https://www.ftb.ca.gov/forms/2017/17_568.pdf#,https://www.ftb.ca.gov/forms/2017/17_568bk.pdf,,,Yes,Depends,3/15/2018,15th day of the 3rd month following the close of the taxable year - for LLC's classified as Partnerships,10/15/2018,"7 months - For taxable years beginning on or after January 1, 2017, the extension period for a limited liability company (LLC) classified as a partnership to file its tax return has changed from six months to seven months"
Indiana (IN),LLC,"Limited Liability Company: If the LLC qualifies under IRS guidelines, it may be taxed only once. Like a partnership at the employee or member level, LLCs do not face the same restrictions as an S Corporation. One of the following forms would need to be filed in Indiana: ","IT-40, IT-40PNR or IT-65",,,,,,,4/15/2018,15th day of the 4th month following close of the taxable year,,
New Jersey (NJ),LLC,Partnership Return,NJ-1065,http://www.state.nj.us/treasury/taxation/pdf/current/part/1065part.pdf,http://www.state.nj.us/treasury/taxation/pdf/current/part/1065i.pdf,,,y,Depends,4/15/2018,15th day of the fourth month after the end of the tax year,9/15/2018,5 month extension
New York (NY),LLC,"Partnership, Limited Liability Company, and_x000D_
Limited Liability Partnership_x000D_
Filing Fee Payment Form",IT-204-LL,https://www.tax.ny.gov/pdf/current_forms/it/it204ll_fill_in.pdf?_ga=2.254689288.1824729858.1515595587-422374619.1515170541,https://www.tax.ny.gov/pdf/current_forms/it/it204lli.pdf?_ga=2.254689288.1824729858.1515595587-422374619.1515170541,,,Y,Depends,3/15/2018,15th day of the third month following the close of your tax year,,There is no extension of time to file form IT-204-ll
North Carolina (NC),LLC,PARTNERSHIP INCOME TAX RETURN,D-403,https://files.nc.gov/ncdor/documents/files/2017_d-403_webfill.pdf?iGfP5rkRat.0mAt5X7wPkeBQ3Kr9fNRx,https://files.nc.gov/ncdor/documents/files/2017_d-403a_web.pdf?JSvJNcJ0Neut56LOhpMgS_ApC1vaU0ip,,,Y,,4/17/2018,,10/15/2018,6 MONTH EXT
North Dakota (ND),LLC,,58,https://www.nd.gov/tax/data/upfiles/media/form-58_1.pdf?20180111101132,https://www.nd.gov/tax/data/upfiles/media/corporate-income-tax-booklet.pdf?20180111101423,,,,,3/15/2018,,9/15/2017,
Pennsylvania (PA),LLC,S Corporation/Partnership,PA-20S/PA-65,http://www.revenue.pa.gov/FormsandPublications/FormsforBusinesses/Partnerships-S-Corps-LLCs/Documents/2016/2016_pa-20s-pa-65.pdf,http://www.revenue.pa.gov/FormsandPublications/FormsforBusinesses/Partnerships-S-Corps-LLCs/Documents/2016/2016_pa-20s-pa-65.pdf,,,Y,,4/15/2018,15th day of the fourth month following the close of the fiscal year,9/15/2018,
Alabama (AL),Partnership,Partnership/Limited Liability Company Return of Income,65,https://revenue.alabama.gov/wp-content/uploads/2018/01/17f65.pdf,https://revenue.alabama.gov/wp-content/uploads/2018/01/17f65instr.pdf,,,,,3/15/2018,15th day of the 3rd month following fiscal year end,8/15/2018,5 month ext
Arizona (AZ),Partnership,Partnership Income Tax Return,165,https://www.azdor.gov/Portals/0/ADOR-forms/TY2017/CORP-F/FORMS_PARTNERSHIP_2017_165_f.pdf,https://www.azdor.gov/Portals/0/ADOR-forms/TY2017/CORP-I/FORMS_PARTNERSHIP_2017_165-i.pdf,,,,,4/15/2018,15th day of the 3rd month following fiscal year end,4/15/2018,Due date of the return
Arkansas (AR),Partnership,PARTNERSHIP INCOME TAX RETURN,AR1050,https://www.dfa.arkansas.gov/images/uploads/incomeTaxOffice/AR1050.pdf,https://www.dfa.arkansas.gov/images/uploads/incomeTaxOffice/PartnershipTaxInst.pdf,,,,,3/15/2018,15th day of the 3rd month following fiscal year end,4/15/2018,15th day of the 4th month following the fiscal year end
California (CA),Partnership,Partnership Return of IncomeÂ ,565,https://www.ftb.ca.gov/forms/2017/17_565.pdf#,https://www.ftb.ca.gov/forms/2017/17_565bk.pdf,,,Yes,Depends,3/15/2018,A partnership must file Form 565 and pay the $800 annual tax (if required) by the 15th day of the 3rd month (fiscal year),10/15/2018,"7 months - If a partnership needs more time to file Form 565 by the returnâ€™s due date, the partnership is granted an automatic seven month extension."
Colorado (CO),Partnership,Pass-Trhough Entity Composite Nonresident Income Tax Form (Partnership/S-Corporation Booklet),106,https://www.colorado.gov/pacific/sites/default/files/106Book.pdf,https://www.colorado.gov/pacific/sites/default/files/106Book.pdf,,,Yes,,4/17/2018,"15 day of the fourth month after the close of the tax year, ",,6 months
Connecticut (CT),Partnership,Composite Income Tax Return,CT-1065,http://www.ct.gov/drs/lib/drs/forms/1-2017/composite/ct-1065_ct-1120si_1217.pdf,http://www.ct.gov/drs/lib/drs/forms/1-2017/composite/ct-1065_ct-1120si_booklet_1217.pdf,,,yes,,4/15/2018,15  day of the fourth month following the close of the taxable year,4/15/2018,"5 months, but only only if federal Form 7004, Application for Automatic Extension of Time to File Certain Business Income Tax, Information, and Other Returns, has been filed"
Connecticut (CT),Partnership,Composite Income Tax Return,CT-1120SI,http://www.ct.gov/drs/lib/drs/forms/1-2017/composite/ct-1065_ct-1120si_1217.pdf,http://www.ct.gov/drs/lib/drs/forms/1-2017/composite/ct-1065_ct-1120si_booklet_1217.pdf,,,yes,,4/15/2018,15  day of the fourth month following the close of the taxable year,4/15/2018,"5 months, but only only if federal Form 7004, Application for Automatic Extension of Time to File Certain Business Income Tax, Information, and Other Returns, has been filed"
Illinois (IL),Partnership,Partnership Replacement Tax Return,IL-1065,http://www.revenue.state.il.us/TaxForms/IncmCurrentYear/Business/Partnership/IL-1065.pdf,http://www.revenue.state.il.us/TaxForms/IncmCurrentYear/Business/Partnership/IL-1065-Instr.pdf,,,,,4/15/2018,15th day of the 4rd month following fiscal year end,,AUTOMATIC
Louisiana (LA),Partnership,Partnership Return of Income,IT-565,http://revenue.louisiana.gov/TaxForms/565(1_17).pdf,http://revenue.louisiana.gov/TaxForms/565(1_17).pdf,,,Y,,4/15/2018, 15th day of the fourth month after the close of the fiscal period,10/15/2018,6 months
New Jersey (NJ),Partnership,Partnership Return,NJ-1065,http://www.state.nj.us/treasury/taxation/pdf/current/part/1065part.pdf,http://www.state.nj.us/treasury/taxation/pdf/current/part/1065i.pdf,,,Y,Depends,4/15/2018,15th day of the fourth month after the end of the tax year,9/15/2018,"5 month ext;Â automatic with Fed extension, however, if you did not obtain a Federal extension and you need more time to file your New Jersey Form NJ-1065, Federal Form 7004 must be submitted as your request to New Jersey on or before the original due date of the return - see the return instructions for detail"
New York (NY),Partnership,Partnership Return,IT-204,https://www.tax.ny.gov/pdf/current_forms/it/it204_fill_in.pdf?_ga=2.221085976.1824729858.1515595587-422374619.1515170541,https://www.tax.ny.gov/pdf/current_forms/it/it204i.pdf,,,Y,,3/15/2018,"15th day of the third month after the end of the tax year
(SEE EXT INSTRUCTIONS FOR ADDITIONAL EXCEPTIONS)",9/15/2018,6 month ext
North Carolina (NC),Partnership,PARTNERSHIP INCOME TAX RETURN,D-403,https://files.nc.gov/ncdor/documents/files/2017_d-403_webfill.pdf?iGfP5rkRat.0mAt5X7wPkeBQ3Kr9fNRx,https://files.nc.gov/ncdor/documents/files/2017_d-403a_web.pdf?JSvJNcJ0Neut56LOhpMgS_ApC1vaU0ip,,,Y,,4/17/2018,,10/15/2018,"bottom right of Form D-410. To receive the additional 2 month extension, file Form D-410 by August"
North Dakota (ND),Partnership,Partnership Income Tax Return,58,https://www.nd.gov/tax/data/upfiles/media/form-58_1.pdf?20180111101132,https://www.nd.gov/tax/data/upfiles/media/corporate-income-tax-booklet.pdf?20180111101423,,,,,3/15/2018,,9/15/2017,
Pennsylvania (PA),Partnership,S Corporation/Partnership,PA-20S/PA-65,http://www.revenue.pa.gov/FormsandPublications/FormsforBusinesses/Partnerships-S-Corps-LLCs/Documents/2016/2016_pa-20s-pa-65.pdf,http://www.revenue.pa.gov/FormsandPublications/FormsforBusinesses/Partnerships-S-Corps-LLCs/Documents/2016/2016_pa-20s-pa-65.pdf,,,Y,,4/15/2018,15th day of the fourth month following the close of the fiscal year,9/15/2018,
Virginia (VA),Partnership,Return of Income and Return of Nonresident withholding Tax,502,https://www.tax.virginia.gov/sites/default/files/taxforms/corporation-and-pass-through-entity-tax/2016/502-2016.pdf,https://www.tax.virginia.gov/sites/default/files/2016-12/502-2016-instructions.pdf,,,y,Y,4/15/2018,15th day of the 4th month after the close of the entityâ€™s taxable year,10/15/2018,"6 month ext; An automatic extension of time to file is granted to the date 6 months after the due date for filing Form 502 or 30 days after the extended due date for filing the federal income tax return, whichever is later (see return instructions for details))"
Alabama (AL),S-Corp,Department of Revenue S Corporation Information/Tax Return,20S,https://revenue.alabama.gov/wp-content/uploads/2018/01/17f20s.pdf,https://revenue.alabama.gov/wp-content/uploads/2018/01/17f20sinstr.pdf,,,Yes,,3/15/2018,15th day of the 3rd month following fiscal year end,9/15/2018,6 month ext
Arizona (AZ),S-Corp,S Corporation Income Tax Return,120S,https://www.azdor.gov/Portals/0/ADOR-forms/TY2017/CORP-F/FORMS_CORPORATE_2017_120S_f.pdf,https://www.azdor.gov/Portals/0/ADOR-forms/TY2017/CORP-I/FORMS_CORPORATE_2017_120S-i.pdf,,,,,3/15/2018,15th day of the 3rd month following fiscal year end,3/15/2018,Due date of the return
Arkansas (AR),S-Corp,S Corporation Income Tax Return,AR1100S,http://staging-dfa-site.ark.org/images/uploads/incomeTaxOffice/AR1100S_2017_Re.pdf,http://staging-dfa-site.ark.org/images/uploads/incomeTaxOffice/SubchapterS_Instructions_2017.pdf,,,,,4/15/2018,15th day of the 4th month following fiscal year end,4/15/2018,Due date of the return
Colorado (CO),S-Corp,Pass-Trhough Entity Composite Nonresident Income Tax Form (Partnership/S-Corporation Booklet),106,https://www.colorado.gov/pacific/sites/default/files/106Book.pdf,https://www.colorado.gov/pacific/sites/default/files/106Book.pdf,,,yes,,4/17/2018,"15 day of the fourth month after the close of the tax year, ",,6 months
Delaware (DE),S-Corp,"S CORPORATION RECONCILIATION_x000D_
AND SHAREHOLDERS INFORMATION RETURN",1100-S,https://revenue.delaware.gov/services/current_bt/TY16_1100Se.pdf,https://revenue.delaware.gov/services/current_bt/TY16_1100Si.pdf,,,,,4/30/2018,30th day of the third month following the close of the taxable year,,
Illinois (IL),S-Corp,Small Business Corporation Replacement Tax Return,IL-1120-ST,http://www.revenue.state.il.us/TaxForms/IncmCurrentYear/Business/SmallBusiness/IL-1120-ST.pdf,http://tax.illinois.gov/TaxForms/IncmCurrentYear/Business/SmallBusiness/IL-1120-ST-Instr.pdf,,,,,3/15/2018,15th day of the 3rd month following fiscal year end,,AUTOMATIC
Indiana (IN),S-Corp,S Corporation Income Tax Return,IT-20S,Note:  Tax form and nstructions are on the same pdf https://www.in.gov/dor/5696.htm,https://www.in.gov/dor/5696.htm,,,,,4/15/2018,15th day of the 4th month following close of the taxable year,,
Louisiana (LA),S-Corp,Corporation Income Tax Return,CIFT-620SD,http://revenue.louisiana.gov/TaxForms/CIFT620WEB(1_16)F.pdf,http://revenue.louisiana.gov/TaxForms/CIFT620i(1_17).pdf,,,Y,,5/15/2018, 15th day of the fifth month following the close of the taxable year,11/15/2018,6 months
New Jersey (NJ),S-Corp,Corporation Business Tax Return,CBT-100,http://www.state.nj.us/treasury/taxation/pdf/current/cbt/cbt100.pdf,http://www.state.nj.us/treasury/taxation/pdf/current/cbt/cbt100ins.pdf,,,Y,Y,4/17/2018,43388,,"6 month ext (Where a tentative return, Form CBT-200-T, and tax payment are timely and properly filed, it is the policy of the Division of Taxation to grant an extension of no more than six (6) months for filing the CBT-100)"
New York (NY),S-Corp, S Corporation Franchise Tax Return,CT-3-S,https://www.tax.ny.gov/pdf/current_forms/ct/ct3s.pdf,https://www.tax.ny.gov/pdf/current_forms/ct/ct3si.pdf,,,Y,,3/15/2018, 2Â½ months after the end of your reporting period,9/15/2018,6 month ext
North Carolina (NC),S-Corp,S-Corporation Tax Return,CD-401S,http://www.zillionforms.com/2016/F512213597.PDF,https://files.nc.gov/ncdor/documents/files/2016_cd-401s_inst_s_corporation_tax_return_instructions.pdf?2UwIEXbjSdcgdAsBtAngHltVSl42T3Dl,,,Y,,4/17/2018,,10/15/2018,"15, 2018."
North Dakota (ND),S-Corp,S-CORPORATION INCOME TAX RETURN,60,https://www.nd.gov/tax/data/upfiles/media/form-60_1.pdf?20180111101716,https://www.nd.gov/tax/data/upfiles/media/s-corporation-income-tax-booklet_1.pdf?20180111101751,,,,,3/15/2018,,9/15/2017,
Pennsylvania (PA),S-Corp,S Corporation/Partnership,PA-20S/PA-65,http://www.revenue.pa.gov/FormsandPublications/FormsforBusinesses/Partnerships-S-Corps-LLCs/Documents/2016/2016_pa-20s-pa-65.pdf,http://www.revenue.pa.gov/FormsandPublications/FormsforBusinesses/Partnerships-S-Corps-LLCs/Documents/2016/2016_pa-20s-pa-65.pdf,,,Y,,4/15/2018,15th day of the fourth month following the close of the fiscal year,9/15/2018,
New Jersey (NJ),Trust,Gross Income Tax Fiduciary Return,NJ-1041,http://www.state.nj.us/treasury/taxation//pdf/current/1041.pdf,http://www.state.nj.us/treasury/taxation/pdf/current/1041i.pdf,,,Y,Depends,4/15/2018,15th day of the fourth month following the close of the tax year of the estate or trust,,"5Â½ month extension is automatic Â with Fed ext for zero returns (if no Fed ext is filed, then ext form NJ-630 needs to be filed to obtain an ext for a state zero return) However, returns with payment due need to file ext form NJ-630 and satisfy payment of 80% requirement - (see the return instructions for detail)"
New York (NY),Trust,Fiduciary Income Tax Return,IT-205,https://www.tax.ny.gov/pdf/current_forms/it/it205_fill_in.pdf,https://www.tax.ny.gov/pdf/current_forms/it/it205i.pdf,,,Y,,4/17/2018,17th day of the fourth month following the close of the tax year (SEE INSTRUCTIONS FOR ADD'L INFO),9/30/2018,5 1/2 month ext
North Carolina (NC),Trust,Estates and Trusts Income Tax Return,D-407,https://files.nc.gov/ncdor/documents/files/2016_d407_estates_and_trusts_income_tax_return_webfill_0.pdf?jkyK8Vih8sYINnfBTHLG2y2hmEYzN5R8,https://files.nc.gov/ncdor/documents/files/2016_d407a_instructions_for_estates_and_trusts_income_tax_return_0.pdf?bRJsf9zsF4hnjdDlO4DyA1pz8OACumQL,,,N,,4/15/2018,,10/15/2018,6 MONTH EXT
North Dakota (ND),Trust,,38,https://www.nd.gov/tax/data/upfiles/media/form-38.pdf?20180111102329,https://www.nd.gov/tax/data/upfiles/media/fiduciary-income-tax-booklet.pdf?20180111102423,,,,,4/17/2018,,9/15/2017,
